0 4 1 1  
0 4 1 2  
0 4 1 3  
0 4 1 4  
0 4 1 5  
0 4 1 6  
0 4 1 7  
0 4 1 8  
0 4 1 9  
0 4 1 10  
0 4 1 11  
0 4 1 12  
0 4 1 13  
0 4 1 14  
0 4 1 15  
0 4 1 16  
0 4 1 17  
0 4 1 18  
0 4 1 19  
0 4 1 20  
0 4 1 21  
0 4 1 22  
0 4 1 23  
0 4 1 24  
0 4 1 25  
0 4 1 26  
0 4 1 27  
0 4 1 28  
0 4 1 29  
0 4 1 30  
0 4 2 1  
0 4 2 2  
0 4 2 3  
0 4 2 4  
0 4 2 5  
0 4 2 6  
0 4 2 7  
0 4 2 8  
0 4 2 9  
0 4 2 10  
0 4 2 11  
0 4 2 12  
0 4 2 13  
0 4 2 14  
0 4 2 15  
0 4 2 16  
0 4 2 17  
0 4 2 18  
0 4 2 19  
0 4 2 20  
0 4 2 21  
0 4 2 22  
0 4 2 23  
0 4 2 24  
0 4 2 25  
0 4 2 26  
0 4 2 27  
0 4 2 28  
0 4 2 29  
0 4 2 30  
0 4 3 1  
0 4 3 2  
0 4 3 3  
0 4 3 4  
0 4 3 5  
0 4 3 6  
0 4 3 7  
0 4 3 8  
0 4 3 9  
0 4 3 10  
0 4 3 11  
0 4 3 12  
0 4 3 13  
0 4 3 14  
0 4 3 15  
0 4 3 16  
0 4 3 17  
0 4 3 18  
0 4 3 19  
0 4 3 20  
0 4 3 21  
0 4 3 22  
0 4 3 23  
0 4 3 24  
0 4 3 25  
0 4 3 26  
0 4 3 27  
0 4 3 28  
0 4 3 29  
0 4 3 30  
0 4 4 1  
0 4 4 2  
0 4 4 3  
0 4 4 4  
0 4 4 5  
0 4 4 6  
0 4 4 7  
0 4 4 8  
0 4 4 9  
0 4 4 10  
0 4 4 11  
0 4 4 12  
0 4 4 13  
0 4 4 14  
0 4 4 15  
0 4 4 16  
0 4 4 17  
0 4 4 18  
0 4 4 19  
0 4 4 20  
0 4 4 21  
0 4 4 22  
0 4 4 23  
0 4 4 24  
0 4 4 25  
0 4 4 26  
0 4 4 27  
0 4 4 28  
0 4 4 29  
0 4 4 30  
0 4 5 1  
0 4 5 2  
0 4 5 3  
0 4 5 4  
0 4 5 5  
0 4 5 6  
0 4 5 7  
0 4 5 8  
0 4 5 9  
0 4 5 10  
0 4 5 11  
0 4 5 12  
0 4 5 13  
0 4 5 14  
0 4 5 15  
0 4 5 16  
0 4 5 17  
0 4 5 18  
0 4 5 19  
0 4 5 20  
0 4 5 21  
0 4 5 22  
0 4 5 23  
0 4 5 24  
0 4 5 25  
0 4 5 26  
0 4 5 27  
0 4 5 28  
0 4 5 29  
0 4 5 30  
0 4 6 1  
0 4 6 2  
0 4 6 3  
0 4 6 4  
0 4 6 5  
0 4 6 6  
0 4 6 7  
0 4 6 8  
0 4 6 9  
0 4 6 10  
0 4 6 11  
0 4 6 12  
0 4 6 13  
0 4 6 14  
0 4 6 15  
0 4 6 16  
0 4 6 17  
0 4 6 18  
0 4 6 19  
0 4 6 20  
0 4 6 21  
0 4 6 22  
0 4 6 23  
0 4 6 24  
0 4 6 25  
0 4 6 26  
0 4 6 27  
0 4 6 28  
0 4 6 29  
0 4 6 30  
0 4 7 1  
0 4 7 2  
0 4 7 3  
0 4 7 4  
0 4 7 5  
0 4 7 6  
0 4 7 7  
0 4 7 8  
0 4 7 9  
0 4 7 10  
0 4 7 11  
0 4 7 12  
0 4 7 13  
0 4 7 14  
0 4 7 15  
0 4 7 16  
0 4 7 17  
0 4 7 18  
0 4 7 19  
0 4 7 20  
0 4 7 21  
0 4 7 22  
0 4 7 23  
0 4 7 24  
0 4 7 25  
0 4 7 26  
0 4 7 27  
0 4 7 28  
0 4 7 29  
0 4 7 30  
0 4 8 1  
0 4 8 2  
0 4 8 3  
0 4 8 4  
0 4 8 5  
0 4 8 6  
0 4 8 7  
0 4 8 8  
0 4 8 9  
0 4 8 10  
0 4 8 11  
0 4 8 12  
0 4 8 13  
0 4 8 14  
0 4 8 15  
0 4 8 16  
0 4 8 17  
0 4 8 18  
0 4 8 19  
0 4 8 20  
0 4 8 21  
0 4 8 22  
0 4 8 23  
0 4 8 24  
0 4 8 25  
0 4 8 26  
0 4 8 27  
0 4 8 28  
0 4 8 29  
0 4 8 30  
0 4 9 1  
0 4 9 2  
0 4 9 3  
0 4 9 4  
0 4 9 5  
0 4 9 6  
0 4 9 7  
0 4 9 8  
0 4 9 9  
0 4 9 10  
0 4 9 11  
0 4 9 12  
0 4 9 13  
0 4 9 14  
0 4 9 15  
0 4 9 16  
0 4 9 17  
0 4 9 18  
0 4 9 19  
0 4 9 20  
0 4 9 21  
0 4 9 22  
0 4 9 23  
0 4 9 24  
0 4 9 25  
0 4 9 26  
0 4 9 27  
0 4 9 28  
0 4 9 29  
0 4 9 30  
0 4 10 1  
0 4 10 2  
0 4 10 3  
0 4 10 4  
0 4 10 5  
0 4 10 6  
0 4 10 7  
0 4 10 8  
0 4 10 9  
0 4 10 10  
0 4 10 11  
0 4 10 12  
0 4 10 13  
0 4 10 14  
0 4 10 15  
0 4 10 16  
0 4 10 17  
0 4 10 18  
0 4 10 19  
0 4 10 20  
0 4 10 21  
0 4 10 22  
0 4 10 23  
0 4 10 24  
0 4 10 25  
0 4 10 26  
0 4 10 27  
0 4 10 28  
0 4 10 29  
0 4 10 30  
1 4 1 1  
1 4 1 2  
1 4 1 3  
1 4 1 4  
1 4 1 5  
1 4 1 6  
1 4 1 7  
1 4 1 8  
1 4 1 9  
1 4 1 10  
1 4 1 11  
1 4 1 12  
1 4 1 13  
1 4 1 14  
1 4 1 15  
1 4 1 16  
1 4 1 17  
1 4 1 18  
1 4 1 19  
1 4 1 20  
1 4 1 21  
1 4 1 22  
1 4 1 23  
1 4 1 24  
1 4 1 25  
1 4 1 26  
1 4 1 27  
1 4 1 28  
1 4 1 29  
1 4 1 30  
1 4 2 1  
1 4 2 2  
1 4 2 3  
1 4 2 4  
1 4 2 5  
1 4 2 6  
1 4 2 7  
1 4 2 8  
1 4 2 9  
1 4 2 10  
1 4 2 11  
1 4 2 12  
1 4 2 13  
1 4 2 14  
1 4 2 15  
1 4 2 16  
1 4 2 17  
1 4 2 18  
1 4 2 19  
1 4 2 20  
1 4 2 21  
1 4 2 22  
1 4 2 23  
1 4 2 24  
1 4 2 25  
1 4 2 26  
1 4 2 27  
1 4 2 28  
1 4 2 29  
1 4 2 30  
1 4 3 1  
1 4 3 2  
1 4 3 3  
1 4 3 4  
1 4 3 5  
1 4 3 6  
1 4 3 7  
1 4 3 8  
1 4 3 9  
1 4 3 10  
1 4 3 11  
1 4 3 12  
1 4 3 13  
1 4 3 14  
1 4 3 15  
1 4 3 16  
1 4 3 17  
1 4 3 18  
1 4 3 19  
1 4 3 20  
1 4 3 21  
1 4 3 22  
1 4 3 23  
1 4 3 24  
1 4 3 25  
1 4 3 26  
1 4 3 27  
1 4 3 28  
1 4 3 29  
1 4 3 30  
1 4 4 1  
1 4 4 2  
1 4 4 3  
1 4 4 4  
1 4 4 5  
1 4 4 6  
1 4 4 7  
1 4 4 8  
1 4 4 9  
1 4 4 10  
1 4 4 11  
1 4 4 12  
1 4 4 13  
1 4 4 14  
1 4 4 15  
1 4 4 16  
1 4 4 17  
1 4 4 18  
1 4 4 19  
1 4 4 20  
1 4 4 21  
1 4 4 22  
1 4 4 23  
1 4 4 24  
1 4 4 25  
1 4 4 26  
1 4 4 27  
1 4 4 28  
1 4 4 29  
1 4 4 30  
1 4 5 1  
1 4 5 2  
1 4 5 3  
1 4 5 4  
1 4 5 5  
1 4 5 6  
1 4 5 7  
1 4 5 8  
1 4 5 9  
1 4 5 10  
1 4 5 11  
1 4 5 12  
1 4 5 13  
1 4 5 14  
1 4 5 15  
1 4 5 16  
1 4 5 17  
1 4 5 18  
1 4 5 19  
1 4 5 20  
1 4 5 21  
1 4 5 22  
1 4 5 23  
1 4 5 24  
1 4 5 25  
1 4 5 26  
1 4 5 27  
1 4 5 28  
1 4 5 29  
1 4 5 30  
1 4 6 1  
1 4 6 2  
1 4 6 3  
1 4 6 4  
1 4 6 5  
1 4 6 6  
1 4 6 7  
1 4 6 8  
1 4 6 9  
1 4 6 10  
1 4 6 11  
1 4 6 12  
1 4 6 13  
1 4 6 14  
1 4 6 15  
1 4 6 16  
1 4 6 17  
1 4 6 18  
1 4 6 19  
1 4 6 20  
1 4 6 21  
1 4 6 22  
1 4 6 23  
1 4 6 24  
1 4 6 25  
1 4 6 26  
1 4 6 27  
1 4 6 28  
1 4 6 29  
1 4 6 30  
1 4 7 1  
1 4 7 2  
1 4 7 3  
1 4 7 4  
1 4 7 5  
1 4 7 6  
1 4 7 7  
1 4 7 8  
1 4 7 9  
1 4 7 10  
1 4 7 11  
1 4 7 12  
1 4 7 13  
1 4 7 14  
1 4 7 15  
1 4 7 16  
1 4 7 17  
1 4 7 18  
1 4 7 19  
1 4 7 20  
1 4 7 21  
1 4 7 22  
1 4 7 23  
1 4 7 24  
1 4 7 25  
1 4 7 26  
1 4 7 27  
1 4 7 28  
1 4 7 29  
1 4 7 30  
1 4 8 1  
1 4 8 2  
1 4 8 3  
1 4 8 4  
1 4 8 5  
1 4 8 6  
1 4 8 7  
1 4 8 8  
1 4 8 9  
1 4 8 10  
1 4 8 11  
1 4 8 12  
1 4 8 13  
1 4 8 14  
1 4 8 15  
1 4 8 16  
1 4 8 17  
1 4 8 18  
1 4 8 19  
1 4 8 20  
1 4 8 21  
1 4 8 22  
1 4 8 23  
1 4 8 24  
1 4 8 25  
1 4 8 26  
1 4 8 27  
1 4 8 28  
1 4 8 29  
1 4 8 30  
1 4 9 1  
1 4 9 2  
1 4 9 3  
1 4 9 4  
1 4 9 5  
1 4 9 6  
1 4 9 7  
1 4 9 8  
1 4 9 9  
1 4 9 10  
1 4 9 11  
1 4 9 12  
1 4 9 13  
1 4 9 14  
1 4 9 15  
1 4 9 16  
1 4 9 17  
1 4 9 18  
1 4 9 19  
1 4 9 20  
1 4 9 21  
1 4 9 22  
1 4 9 23  
1 4 9 24  
1 4 9 25  
1 4 9 26  
1 4 9 27  
1 4 9 28  
1 4 9 29  
1 4 9 30  
1 4 10 1  
1 4 10 2  
1 4 10 3  
1 4 10 4  
1 4 10 5  
1 4 10 6  
1 4 10 7  
1 4 10 8  
1 4 10 9  
1 4 10 10  
1 4 10 11  
1 4 10 12  
1 4 10 13  
1 4 10 14  
1 4 10 15  
1 4 10 16  
1 4 10 17  
1 4 10 18  
1 4 10 19  
1 4 10 20  
1 4 10 21  
1 4 10 22  
1 4 10 23  
1 4 10 24  
1 4 10 25  
1 4 10 26  
1 4 10 27  
1 4 10 28  
1 4 10 29  
1 4 10 30  
2 4 1 1  
2 4 1 2  
2 4 1 3  
2 4 1 4  
2 4 1 5  
2 4 1 6  
2 4 1 7  
2 4 1 8  
2 4 1 9  
2 4 1 10  
2 4 1 11  
2 4 1 12  
2 4 1 13  
2 4 1 14  
2 4 1 15  
2 4 1 16  
2 4 1 17  
2 4 1 18  
2 4 1 19  
2 4 1 20  
2 4 1 21  
2 4 1 22  
2 4 1 23  
2 4 1 24  
2 4 1 25  
2 4 1 26  
2 4 1 27  
2 4 1 28  
2 4 1 29  
2 4 1 30  
2 4 2 1  
2 4 2 2  
2 4 2 3  
2 4 2 4  
2 4 2 5  
2 4 2 6  
2 4 2 7  
2 4 2 8  
2 4 2 9  
2 4 2 10  
2 4 2 11  
2 4 2 12  
2 4 2 13  
2 4 2 14  
2 4 2 15  
2 4 2 16  
2 4 2 17  
2 4 2 18  
2 4 2 19  
2 4 2 20  
2 4 2 21  
2 4 2 22  
2 4 2 23  
2 4 2 24  
2 4 2 25  
2 4 2 26  
2 4 2 27  
2 4 2 28  
2 4 2 29  
2 4 2 30  
2 4 3 1  
2 4 3 2  
2 4 3 3  
2 4 3 4  
2 4 3 5  
2 4 3 6  
2 4 3 7  
2 4 3 8  
2 4 3 9  
2 4 3 10  
2 4 3 11  
2 4 3 12  
2 4 3 13  
2 4 3 14  
2 4 3 15  
2 4 3 16  
2 4 3 17  
2 4 3 18  
2 4 3 19  
2 4 3 20  
2 4 3 21  
2 4 3 22  
2 4 3 23  
2 4 3 24  
2 4 3 25  
2 4 3 26  
2 4 3 27  
2 4 3 28  
2 4 3 29  
2 4 3 30  
2 4 4 1  
2 4 4 2  
2 4 4 3  
2 4 4 4  
2 4 4 5  
2 4 4 6  
2 4 4 7  
2 4 4 8  
2 4 4 9  
2 4 4 10  
2 4 4 11  
2 4 4 12  
2 4 4 13  
2 4 4 14  
2 4 4 15  
2 4 4 16  
2 4 4 17  
2 4 4 18  
2 4 4 19  
2 4 4 20  
2 4 4 21  
2 4 4 22  
2 4 4 23  
2 4 4 24  
2 4 4 25  
2 4 4 26  
2 4 4 27  
2 4 4 28  
2 4 4 29  
2 4 4 30  
2 4 5 1  
2 4 5 2  
2 4 5 3  
2 4 5 4  
2 4 5 5  
2 4 5 6  
2 4 5 7  
2 4 5 8  
2 4 5 9  
2 4 5 10  
2 4 5 11  
2 4 5 12  
2 4 5 13  
2 4 5 14  
2 4 5 15  
2 4 5 16  
2 4 5 17  
2 4 5 18  
2 4 5 19  
2 4 5 20  
2 4 5 21  
2 4 5 22  
2 4 5 23  
2 4 5 24  
2 4 5 25  
2 4 5 26  
2 4 5 27  
2 4 5 28  
2 4 5 29  
2 4 5 30  
2 4 6 1  
2 4 6 2  
2 4 6 3  
2 4 6 4  
2 4 6 5  
2 4 6 6  
2 4 6 7  
2 4 6 8  
2 4 6 9  
2 4 6 10  
2 4 6 11  
2 4 6 12  
2 4 6 13  
2 4 6 14  
2 4 6 15  
2 4 6 16  
2 4 6 17  
2 4 6 18  
2 4 6 19  
2 4 6 20  
2 4 6 21  
2 4 6 22  
2 4 6 23  
2 4 6 24  
2 4 6 25  
2 4 6 26  
2 4 6 27  
2 4 6 28  
2 4 6 29  
2 4 6 30  
2 4 7 1  
2 4 7 2  
2 4 7 3  
2 4 7 4  
2 4 7 5  
2 4 7 6  
2 4 7 7  
2 4 7 8  
2 4 7 9  
2 4 7 10  
2 4 7 11  
2 4 7 12  
2 4 7 13  
2 4 7 14  
2 4 7 15  
2 4 7 16  
2 4 7 17  
2 4 7 18  
2 4 7 19  
2 4 7 20  
2 4 7 21  
2 4 7 22  
2 4 7 23  
2 4 7 24  
2 4 7 25  
2 4 7 26  
2 4 7 27  
2 4 7 28  
2 4 7 29  
2 4 7 30  
2 4 8 1  
2 4 8 2  
2 4 8 3  
2 4 8 4  
2 4 8 5  
2 4 8 6  
2 4 8 7  
2 4 8 8  
2 4 8 9  
2 4 8 10  
2 4 8 11  
2 4 8 12  
2 4 8 13  
2 4 8 14  
2 4 8 15  
2 4 8 16  
2 4 8 17  
2 4 8 18  
2 4 8 19  
2 4 8 20  
2 4 8 21  
2 4 8 22  
2 4 8 23  
2 4 8 24  
2 4 8 25  
2 4 8 26  
2 4 8 27  
2 4 8 28  
2 4 8 29  
2 4 8 30  
2 4 9 1  
2 4 9 2  
2 4 9 3  
2 4 9 4  
2 4 9 5  
2 4 9 6  
2 4 9 7  
2 4 9 8  
2 4 9 9  
2 4 9 10  
2 4 9 11  
2 4 9 12  
2 4 9 13  
2 4 9 14  
2 4 9 15  
2 4 9 16  
2 4 9 17  
2 4 9 18  
2 4 9 19  
2 4 9 20  
2 4 9 21  
2 4 9 22  
2 4 9 23  
2 4 9 24  
2 4 9 25  
2 4 9 26  
2 4 9 27  
2 4 9 28  
2 4 9 29  
2 4 9 30  
2 4 10 1  
2 4 10 2  
2 4 10 3  
2 4 10 4  
2 4 10 5  
2 4 10 6  
2 4 10 7  
2 4 10 8  
2 4 10 9  
2 4 10 10  
2 4 10 11  
2 4 10 12  
2 4 10 13  
2 4 10 14  
2 4 10 15  
2 4 10 16  
2 4 10 17  
2 4 10 18  
2 4 10 19  
2 4 10 20  
2 4 10 21  
2 4 10 22  
2 4 10 23  
2 4 10 24  
2 4 10 25  
2 4 10 26  
2 4 10 27  
2 4 10 28  
2 4 10 29  
2 4 10 30  
3 4 1 1  
3 4 1 2  
3 4 1 3  
3 4 1 4  
3 4 1 5  
3 4 1 6  
3 4 1 7  
3 4 1 8  
3 4 1 9  
3 4 1 10  
3 4 1 11  
3 4 1 12  
3 4 1 13  
3 4 1 14  
3 4 1 15  
3 4 1 16  
3 4 1 17  
3 4 1 18  
3 4 1 19  
3 4 1 20  
3 4 1 21  
3 4 1 22  
3 4 1 23  
3 4 1 24  
3 4 1 25  
3 4 1 26  
3 4 1 27  
3 4 1 28  
3 4 1 29  
3 4 1 30  
3 4 2 1  
3 4 2 2  
3 4 2 3  
3 4 2 4  
3 4 2 5  
3 4 2 6  
3 4 2 7  
3 4 2 8  
3 4 2 9  
3 4 2 10  
3 4 2 11  
3 4 2 12  
3 4 2 13  
3 4 2 14  
3 4 2 15  
3 4 2 16  
3 4 2 17  
3 4 2 18  
3 4 2 19  
3 4 2 20  
3 4 2 21  
3 4 2 22  
3 4 2 23  
3 4 2 24  
3 4 2 25  
3 4 2 26  
3 4 2 27  
3 4 2 28  
3 4 2 29  
3 4 2 30  
3 4 3 1  
3 4 3 2  
3 4 3 3  
3 4 3 4  
3 4 3 5  
3 4 3 6  
3 4 3 7  
3 4 3 8  
3 4 3 9  
3 4 3 10  
3 4 3 11  
3 4 3 12  
3 4 3 13  
3 4 3 14  
3 4 3 15  
3 4 3 16  
3 4 3 17  
3 4 3 18  
3 4 3 19  
3 4 3 20  
3 4 3 21  
3 4 3 22  
3 4 3 23  
3 4 3 24  
3 4 3 25  
3 4 3 26  
3 4 3 27  
3 4 3 28  
3 4 3 29  
3 4 3 30  
3 4 4 1  
3 4 4 2  
3 4 4 3  
3 4 4 4  
3 4 4 5  
3 4 4 6  
3 4 4 7  
3 4 4 8  
3 4 4 9  
3 4 4 10  
3 4 4 11  
3 4 4 12  
3 4 4 13  
3 4 4 14  
3 4 4 15  
3 4 4 16  
3 4 4 17  
3 4 4 18  
3 4 4 19  
3 4 4 20  
3 4 4 21  
3 4 4 22  
3 4 4 23  
3 4 4 24  
3 4 4 25  
3 4 4 26  
3 4 4 27  
3 4 4 28  
3 4 4 29  
3 4 4 30  
3 4 5 1  
3 4 5 2  
3 4 5 3  
3 4 5 4  
3 4 5 5  
3 4 5 6  
3 4 5 7  
3 4 5 8  
3 4 5 9  
3 4 5 10  
3 4 5 11  
3 4 5 12  
3 4 5 13  
3 4 5 14  
3 4 5 15  
3 4 5 16  
3 4 5 17  
3 4 5 18  
3 4 5 19  
3 4 5 20  
3 4 5 21  
3 4 5 22  
3 4 5 23  
3 4 5 24  
3 4 5 25  
3 4 5 26  
3 4 5 27  
3 4 5 28  
3 4 5 29  
3 4 5 30  
3 4 6 1  
3 4 6 2  
3 4 6 3  
3 4 6 4  
3 4 6 5  
3 4 6 6  
3 4 6 7  
3 4 6 8  
3 4 6 9  
3 4 6 10  
3 4 6 11  
3 4 6 12  
3 4 6 13  
3 4 6 14  
3 4 6 15  
3 4 6 16  
3 4 6 17  
3 4 6 18  
3 4 6 19  
3 4 6 20  
3 4 6 21  
3 4 6 22  
3 4 6 23  
3 4 6 24  
3 4 6 25  
3 4 6 26  
3 4 6 27  
3 4 6 28  
3 4 6 29  
3 4 6 30  
3 4 7 1  
3 4 7 2  
3 4 7 3  
3 4 7 4  
3 4 7 5  
3 4 7 6  
3 4 7 7  
3 4 7 8  
3 4 7 9  
3 4 7 10  
3 4 7 11  
3 4 7 12  
3 4 7 13  
3 4 7 14  
3 4 7 15  
3 4 7 16  
3 4 7 17  
3 4 7 18  
3 4 7 19  
3 4 7 20  
3 4 7 21  
3 4 7 22  
3 4 7 23  
3 4 7 24  
3 4 7 25  
3 4 7 26  
3 4 7 27  
3 4 7 28  
3 4 7 29  
3 4 7 30  
3 4 8 1  
3 4 8 2  
3 4 8 3  
3 4 8 4  
3 4 8 5  
3 4 8 6  
3 4 8 7  
3 4 8 8  
3 4 8 9  
3 4 8 10  
3 4 8 11  
3 4 8 12  
3 4 8 13  
3 4 8 14  
3 4 8 15  
3 4 8 16  
3 4 8 17  
3 4 8 18  
3 4 8 19  
3 4 8 20  
3 4 8 21  
3 4 8 22  
3 4 8 23  
3 4 8 24  
3 4 8 25  
3 4 8 26  
3 4 8 27  
3 4 8 28  
3 4 8 29  
3 4 8 30  
3 4 9 1  
3 4 9 2  
3 4 9 3  
3 4 9 4  
3 4 9 5  
3 4 9 6  
3 4 9 7  
3 4 9 8  
3 4 9 9  
3 4 9 10  
3 4 9 11  
3 4 9 12  
3 4 9 13  
3 4 9 14  
3 4 9 15  
3 4 9 16  
3 4 9 17  
3 4 9 18  
3 4 9 19  
3 4 9 20  
3 4 9 21  
3 4 9 22  
3 4 9 23  
3 4 9 24  
3 4 9 25  
3 4 9 26  
3 4 9 27  
3 4 9 28  
3 4 9 29  
3 4 9 30  
3 4 10 1  
3 4 10 2  
3 4 10 3  
3 4 10 4  
3 4 10 5  
3 4 10 6  
3 4 10 7  
3 4 10 8  
3 4 10 9  
3 4 10 10  
3 4 10 11  
3 4 10 12  
3 4 10 13  
3 4 10 14  
3 4 10 15  
3 4 10 16  
3 4 10 17  
3 4 10 18  
3 4 10 19  
3 4 10 20  
3 4 10 21  
3 4 10 22  
3 4 10 23  
3 4 10 24  
3 4 10 25  
3 4 10 26  
3 4 10 27  
3 4 10 28  
3 4 10 29  
3 4 10 30  
4 4 1 1  
4 4 1 2  
4 4 1 3  
4 4 1 4  
4 4 1 5  
4 4 1 6  
4 4 1 7  
4 4 1 8  
4 4 1 9  
4 4 1 10  
4 4 1 11  
4 4 1 12  
4 4 1 13  
4 4 1 14  
4 4 1 15  
4 4 1 16  
4 4 1 17  
4 4 1 18  
4 4 1 19  
4 4 1 20  
4 4 1 21  
4 4 1 22  
4 4 1 23  
4 4 1 24  
4 4 1 25  
4 4 1 26  
4 4 1 27  
4 4 1 28  
4 4 1 29  
4 4 1 30  
4 4 2 1  
4 4 2 2  
4 4 2 3  
4 4 2 4  
4 4 2 5  
4 4 2 6  
4 4 2 7  
4 4 2 8  
4 4 2 9  
4 4 2 10  
4 4 2 11  
4 4 2 12  
4 4 2 13  
4 4 2 14  
4 4 2 15  
4 4 2 16  
4 4 2 17  
4 4 2 18  
4 4 2 19  
4 4 2 20  
4 4 2 21  
4 4 2 22  
4 4 2 23  
4 4 2 24  
4 4 2 25  
4 4 2 26  
4 4 2 27  
4 4 2 28  
4 4 2 29  
4 4 2 30  
4 4 3 1  
4 4 3 2  
4 4 3 3  
4 4 3 4  
4 4 3 5  
4 4 3 6  
4 4 3 7  
4 4 3 8  
4 4 3 9  
4 4 3 10  
4 4 3 11  
4 4 3 12  
4 4 3 13  
4 4 3 14  
4 4 3 15  
4 4 3 16  
4 4 3 17  
4 4 3 18  
4 4 3 19  
4 4 3 20  
4 4 3 21  
4 4 3 22  
4 4 3 23  
4 4 3 24  
4 4 3 25  
4 4 3 26  
4 4 3 27  
4 4 3 28  
4 4 3 29  
4 4 3 30  
4 4 4 1  
4 4 4 2  
4 4 4 3  
4 4 4 4  
4 4 4 5  
4 4 4 6  
4 4 4 7  
4 4 4 8  
4 4 4 9  
4 4 4 10  
4 4 4 11  
4 4 4 12  
4 4 4 13  
4 4 4 14  
4 4 4 15  
4 4 4 16  
4 4 4 17  
4 4 4 18  
4 4 4 19  
4 4 4 20  
4 4 4 21  
4 4 4 22  
4 4 4 23  
4 4 4 24  
4 4 4 25  
4 4 4 26  
4 4 4 27  
4 4 4 28  
4 4 4 29  
4 4 4 30  
4 4 5 1  
4 4 5 2  
4 4 5 3  
4 4 5 4  
4 4 5 5  
4 4 5 6  
4 4 5 7  
4 4 5 8  
4 4 5 9  
4 4 5 10  
4 4 5 11  
4 4 5 12  
4 4 5 13  
4 4 5 14  
4 4 5 15  
4 4 5 16  
4 4 5 17  
4 4 5 18  
4 4 5 19  
4 4 5 20  
4 4 5 21  
4 4 5 22  
4 4 5 23  
4 4 5 24  
4 4 5 25  
4 4 5 26  
4 4 5 27  
4 4 5 28  
4 4 5 29  
4 4 5 30  
4 4 6 1  
4 4 6 2  
4 4 6 3  
4 4 6 4  
4 4 6 5  
4 4 6 6  
4 4 6 7  
4 4 6 8  
4 4 6 9  
4 4 6 10  
4 4 6 11  
4 4 6 12  
4 4 6 13  
4 4 6 14  
4 4 6 15  
4 4 6 16  
4 4 6 17  
4 4 6 18  
4 4 6 19  
4 4 6 20  
4 4 6 21  
4 4 6 22  
4 4 6 23  
4 4 6 24  
4 4 6 25  
4 4 6 26  
4 4 6 27  
4 4 6 28  
4 4 6 29  
4 4 6 30  
4 4 7 1  
4 4 7 2  
4 4 7 3  
4 4 7 4  
4 4 7 5  
4 4 7 6  
4 4 7 7  
4 4 7 8  
4 4 7 9  
4 4 7 10  
4 4 7 11  
4 4 7 12  
4 4 7 13  
4 4 7 14  
4 4 7 15  
4 4 7 16  
4 4 7 17  
4 4 7 18  
4 4 7 19  
4 4 7 20  
4 4 7 21  
4 4 7 22  
4 4 7 23  
4 4 7 24  
4 4 7 25  
4 4 7 26  
4 4 7 27  
4 4 7 28  
4 4 7 29  
4 4 7 30  
4 4 8 1  
4 4 8 2  
4 4 8 3  
4 4 8 4  
4 4 8 5  
4 4 8 6  
4 4 8 7  
4 4 8 8  
4 4 8 9  
4 4 8 10  
4 4 8 11  
4 4 8 12  
4 4 8 13  
4 4 8 14  
4 4 8 15  
4 4 8 16  
4 4 8 17  
4 4 8 18  
4 4 8 19  
4 4 8 20  
4 4 8 21  
4 4 8 22  
4 4 8 23  
4 4 8 24  
4 4 8 25  
4 4 8 26  
4 4 8 27  
4 4 8 28  
4 4 8 29  
4 4 8 30  
4 4 9 1  
4 4 9 2  
4 4 9 3  
4 4 9 4  
4 4 9 5  
4 4 9 6  
4 4 9 7  
4 4 9 8  
4 4 9 9  
4 4 9 10  
4 4 9 11  
4 4 9 12  
4 4 9 13  
4 4 9 14  
4 4 9 15  
4 4 9 16  
4 4 9 17  
4 4 9 18  
4 4 9 19  
4 4 9 20  
4 4 9 21  
4 4 9 22  
4 4 9 23  
4 4 9 24  
4 4 9 25  
4 4 9 26  
4 4 9 27  
4 4 9 28  
4 4 9 29  
4 4 9 30  
4 4 10 1  
4 4 10 2  
4 4 10 3  
4 4 10 4  
4 4 10 5  
4 4 10 6  
4 4 10 7  
4 4 10 8  
4 4 10 9  
4 4 10 10  
4 4 10 11  
4 4 10 12  
4 4 10 13  
4 4 10 14  
4 4 10 15  
4 4 10 16  
4 4 10 17  
4 4 10 18  
4 4 10 19  
4 4 10 20  
4 4 10 21  
4 4 10 22  
4 4 10 23  
4 4 10 24  
4 4 10 25  
4 4 10 26  
4 4 10 27  
4 4 10 28  
4 4 10 29  
4 4 10 30  
5 4 1 1  
5 4 1 2  
5 4 1 3  
5 4 1 4  
5 4 1 5  
5 4 1 6  
5 4 1 7  
5 4 1 8  
5 4 1 9  
5 4 1 10  
5 4 1 11  
5 4 1 12  
5 4 1 13  
5 4 1 14  
5 4 1 15  
5 4 1 16  
5 4 1 17  
5 4 1 18  
5 4 1 19  
5 4 1 20  
5 4 1 21  
5 4 1 22  
5 4 1 23  
5 4 1 24  
5 4 1 25  
5 4 1 26  
5 4 1 27  
5 4 1 28  
5 4 1 29  
5 4 1 30  
5 4 2 1  
5 4 2 2  
5 4 2 3  
5 4 2 4  
5 4 2 5  
5 4 2 6  
5 4 2 7  
5 4 2 8  
5 4 2 9  
5 4 2 10  
5 4 2 11  
5 4 2 12  
5 4 2 13  
5 4 2 14  
5 4 2 15  
5 4 2 16  
5 4 2 17  
5 4 2 18  
5 4 2 19  
5 4 2 20  
5 4 2 21  
5 4 2 22  
5 4 2 23  
5 4 2 24  
5 4 2 25  
5 4 2 26  
5 4 2 27  
5 4 2 28  
5 4 2 29  
5 4 2 30  
5 4 3 1  
5 4 3 2  
5 4 3 3  
5 4 3 4  
5 4 3 5  
5 4 3 6  
5 4 3 7  
5 4 3 8  
5 4 3 9  
5 4 3 10  
5 4 3 11  
5 4 3 12  
5 4 3 13  
5 4 3 14  
5 4 3 15  
5 4 3 16  
5 4 3 17  
5 4 3 18  
5 4 3 19  
5 4 3 20  
5 4 3 21  
5 4 3 22  
5 4 3 23  
5 4 3 24  
5 4 3 25  
5 4 3 26  
5 4 3 27  
5 4 3 28  
5 4 3 29  
5 4 3 30  
5 4 4 1  
5 4 4 2  
5 4 4 3  
5 4 4 4  
5 4 4 5  
5 4 4 6  
5 4 4 7  
5 4 4 8  
5 4 4 9  
5 4 4 10  
5 4 4 11  
5 4 4 12  
5 4 4 13  
5 4 4 14  
5 4 4 15  
5 4 4 16  
5 4 4 17  
5 4 4 18  
5 4 4 19  
5 4 4 20  
5 4 4 21  
5 4 4 22  
5 4 4 23  
5 4 4 24  
5 4 4 25  
5 4 4 26  
5 4 4 27  
5 4 4 28  
5 4 4 29  
5 4 4 30  
5 4 5 1  
5 4 5 2  
5 4 5 3  
5 4 5 4  
5 4 5 5  
5 4 5 6  
5 4 5 7  
5 4 5 8  
5 4 5 9  
5 4 5 10  
5 4 5 11  
5 4 5 12  
5 4 5 13  
5 4 5 14  
5 4 5 15  
5 4 5 16  
5 4 5 17  
5 4 5 18  
5 4 5 19  
5 4 5 20  
5 4 5 21  
5 4 5 22  
5 4 5 23  
5 4 5 24  
5 4 5 25  
5 4 5 26  
5 4 5 27  
5 4 5 28  
5 4 5 29  
5 4 5 30  
5 4 6 1  
5 4 6 2  
5 4 6 3  
5 4 6 4  
5 4 6 5  
5 4 6 6  
5 4 6 7  
5 4 6 8  
5 4 6 9  
5 4 6 10  
5 4 6 11  
5 4 6 12  
5 4 6 13  
5 4 6 14  
5 4 6 15  
5 4 6 16  
5 4 6 17  
5 4 6 18  
5 4 6 19  
5 4 6 20  
5 4 6 21  
5 4 6 22  
5 4 6 23  
5 4 6 24  
5 4 6 25  
5 4 6 26  
5 4 6 27  
5 4 6 28  
5 4 6 29  
5 4 6 30  
5 4 7 1  
5 4 7 2  
5 4 7 3  
5 4 7 4  
5 4 7 5  
5 4 7 6  
5 4 7 7  
5 4 7 8  
5 4 7 9  
5 4 7 10  
5 4 7 11  
5 4 7 12  
5 4 7 13  
5 4 7 14  
5 4 7 15  
5 4 7 16  
5 4 7 17  
5 4 7 18  
5 4 7 19  
5 4 7 20  
5 4 7 21  
5 4 7 22  
5 4 7 23  
5 4 7 24  
5 4 7 25  
5 4 7 26  
5 4 7 27  
5 4 7 28  
5 4 7 29  
5 4 7 30  
5 4 8 1  
5 4 8 2  
5 4 8 3  
5 4 8 4  
5 4 8 5  
5 4 8 6  
5 4 8 7  
5 4 8 8  
5 4 8 9  
5 4 8 10  
5 4 8 11  
5 4 8 12  
5 4 8 13  
5 4 8 14  
5 4 8 15  
5 4 8 16  
5 4 8 17  
5 4 8 18  
5 4 8 19  
5 4 8 20  
5 4 8 21  
5 4 8 22  
5 4 8 23  
5 4 8 24  
5 4 8 25  
5 4 8 26  
5 4 8 27  
5 4 8 28  
5 4 8 29  
5 4 8 30  
5 4 9 1  
5 4 9 2  
5 4 9 3  
5 4 9 4  
5 4 9 5  
5 4 9 6  
5 4 9 7  
5 4 9 8  
5 4 9 9  
5 4 9 10  
5 4 9 11  
5 4 9 12  
5 4 9 13  
5 4 9 14  
5 4 9 15  
5 4 9 16  
5 4 9 17  
5 4 9 18  
5 4 9 19  
5 4 9 20  
5 4 9 21  
5 4 9 22  
5 4 9 23  
5 4 9 24  
5 4 9 25  
5 4 9 26  
5 4 9 27  
5 4 9 28  
5 4 9 29  
5 4 9 30  
5 4 10 1  
5 4 10 2  
5 4 10 3  
5 4 10 4  
5 4 10 5  
5 4 10 6  
5 4 10 7  
5 4 10 8  
5 4 10 9  
5 4 10 10  
5 4 10 11  
5 4 10 12  
5 4 10 13  
5 4 10 14  
5 4 10 15  
5 4 10 16  
5 4 10 17  
5 4 10 18  
5 4 10 19  
5 4 10 20  
5 4 10 21  
5 4 10 22  
5 4 10 23  
5 4 10 24  
5 4 10 25  
5 4 10 26  
5 4 10 27  
5 4 10 28  
5 4 10 29  
5 4 10 30  
6 4 1 1  
6 4 1 2  
6 4 1 3  
6 4 1 4  
6 4 1 5  
6 4 1 6  
6 4 1 7  
6 4 1 8  
6 4 1 9  
6 4 1 10  
6 4 1 11  
6 4 1 12  
6 4 1 13  
6 4 1 14  
6 4 1 15  
6 4 1 16  
6 4 1 17  
6 4 1 18  
6 4 1 19  
6 4 1 20  
6 4 1 21  
6 4 1 22  
6 4 1 23  
6 4 1 24  
6 4 1 25  
6 4 1 26  
6 4 1 27  
6 4 1 28  
6 4 1 29  
6 4 1 30  
6 4 2 1  
6 4 2 2  
6 4 2 3  
6 4 2 4  
6 4 2 5  
6 4 2 6  
6 4 2 7  
6 4 2 8  
6 4 2 9  
6 4 2 10  
6 4 2 11  
6 4 2 12  
6 4 2 13  
6 4 2 14  
6 4 2 15  
6 4 2 16  
6 4 2 17  
6 4 2 18  
6 4 2 19  
6 4 2 20  
6 4 2 21  
6 4 2 22  
6 4 2 23  
6 4 2 24  
6 4 2 25  
6 4 2 26  
6 4 2 27  
6 4 2 28  
6 4 2 29  
6 4 2 30  
6 4 3 1  
6 4 3 2  
6 4 3 3  
6 4 3 4  
6 4 3 5  
6 4 3 6  
6 4 3 7  
6 4 3 8  
6 4 3 9  
6 4 3 10  
6 4 3 11  
6 4 3 12  
6 4 3 13  
6 4 3 14  
6 4 3 15  
6 4 3 16  
6 4 3 17  
6 4 3 18  
6 4 3 19  
6 4 3 20  
6 4 3 21  
6 4 3 22  
6 4 3 23  
6 4 3 24  
6 4 3 25  
6 4 3 26  
6 4 3 27  
6 4 3 28  
6 4 3 29  
6 4 3 30  
6 4 4 1  
6 4 4 2  
6 4 4 3  
6 4 4 4  
6 4 4 5  
6 4 4 6  
6 4 4 7  
6 4 4 8  
6 4 4 9  
6 4 4 10  
6 4 4 11  
6 4 4 12  
6 4 4 13  
6 4 4 14  
6 4 4 15  
6 4 4 16  
6 4 4 17  
6 4 4 18  
6 4 4 19  
6 4 4 20  
6 4 4 21  
6 4 4 22  
6 4 4 23  
6 4 4 24  
6 4 4 25  
6 4 4 26  
6 4 4 27  
6 4 4 28  
6 4 4 29  
6 4 4 30  
6 4 5 1  
6 4 5 2  
6 4 5 3  
6 4 5 4  
6 4 5 5  
6 4 5 6  
6 4 5 7  
6 4 5 8  
6 4 5 9  
6 4 5 10  
6 4 5 11  
6 4 5 12  
6 4 5 13  
6 4 5 14  
6 4 5 15  
6 4 5 16  
6 4 5 17  
6 4 5 18  
6 4 5 19  
6 4 5 20  
6 4 5 21  
6 4 5 22  
6 4 5 23  
6 4 5 24  
6 4 5 25  
6 4 5 26  
6 4 5 27  
6 4 5 28  
6 4 5 29  
6 4 5 30  
6 4 6 1  
6 4 6 2  
6 4 6 3  
6 4 6 4  
6 4 6 5  
6 4 6 6  
6 4 6 7  
6 4 6 8  
6 4 6 9  
6 4 6 10  
6 4 6 11  
6 4 6 12  
6 4 6 13  
6 4 6 14  
6 4 6 15  
6 4 6 16  
6 4 6 17  
6 4 6 18  
6 4 6 19  
6 4 6 20  
6 4 6 21  
6 4 6 22  
6 4 6 23  
6 4 6 24  
6 4 6 25  
6 4 6 26  
6 4 6 27  
6 4 6 28  
6 4 6 29  
6 4 6 30  
6 4 7 1  
6 4 7 2  
6 4 7 3  
6 4 7 4  
6 4 7 5  
6 4 7 6  
6 4 7 7  
6 4 7 8  
6 4 7 9  
6 4 7 10  
6 4 7 11  
6 4 7 12  
6 4 7 13  
6 4 7 14  
6 4 7 15  
6 4 7 16  
6 4 7 17  
6 4 7 18  
6 4 7 19  
6 4 7 20  
6 4 7 21  
6 4 7 22  
6 4 7 23  
6 4 7 24  
6 4 7 25  
6 4 7 26  
6 4 7 27  
6 4 7 28  
6 4 7 29  
6 4 7 30  
6 4 8 1  
6 4 8 2  
6 4 8 3  
6 4 8 4  
6 4 8 5  
6 4 8 6  
6 4 8 7  
6 4 8 8  
6 4 8 9  
6 4 8 10  
6 4 8 11  
6 4 8 12  
6 4 8 13  
6 4 8 14  
6 4 8 15  
6 4 8 16  
6 4 8 17  
6 4 8 18  
6 4 8 19  
6 4 8 20  
6 4 8 21  
6 4 8 22  
6 4 8 23  
6 4 8 24  
6 4 8 25  
6 4 8 26  
6 4 8 27  
6 4 8 28  
6 4 8 29  
6 4 8 30  
6 4 9 1  
6 4 9 2  
6 4 9 3  
6 4 9 4  
6 4 9 5  
6 4 9 6  
6 4 9 7  
6 4 9 8  
6 4 9 9  
6 4 9 10  
6 4 9 11  
6 4 9 12  
6 4 9 13  
6 4 9 14  
6 4 9 15  
6 4 9 16  
6 4 9 17  
6 4 9 18  
6 4 9 19  
6 4 9 20  
6 4 9 21  
6 4 9 22  
6 4 9 23  
6 4 9 24  
6 4 9 25  
6 4 9 26  
6 4 9 27  
6 4 9 28  
6 4 9 29  
6 4 9 30  
6 4 10 1  
6 4 10 2  
6 4 10 3  
6 4 10 4  
6 4 10 5  
6 4 10 6  
6 4 10 7  
6 4 10 8  
6 4 10 9  
6 4 10 10  
6 4 10 11  
6 4 10 12  
6 4 10 13  
6 4 10 14  
6 4 10 15  
6 4 10 16  
6 4 10 17  
6 4 10 18  
6 4 10 19  
6 4 10 20  
6 4 10 21  
6 4 10 22  
6 4 10 23  
6 4 10 24  
6 4 10 25  
6 4 10 26  
6 4 10 27  
6 4 10 28  
6 4 10 29  
6 4 10 30  
7 4 1 1  
7 4 1 2  
7 4 1 3  
7 4 1 4  
7 4 1 5  
7 4 1 6  
7 4 1 7  
7 4 1 8  
7 4 1 9  
7 4 1 10  
7 4 1 11  
7 4 1 12  
7 4 1 13  
7 4 1 14  
7 4 1 15  
7 4 1 16  
7 4 1 17  
7 4 1 18  
7 4 1 19  
7 4 1 20  
7 4 1 21  
7 4 1 22  
7 4 1 23  
7 4 1 24  
7 4 1 25  
7 4 1 26  
7 4 1 27  
7 4 1 28  
7 4 1 29  
7 4 1 30  
7 4 2 1  
7 4 2 2  
7 4 2 3  
7 4 2 4  
7 4 2 5  
7 4 2 6  
7 4 2 7  
7 4 2 8  
7 4 2 9  
7 4 2 10  
7 4 2 11  
7 4 2 12  
7 4 2 13  
7 4 2 14  
7 4 2 15  
7 4 2 16  
7 4 2 17  
7 4 2 18  
7 4 2 19  
7 4 2 20  
7 4 2 21  
7 4 2 22  
7 4 2 23  
7 4 2 24  
7 4 2 25  
7 4 2 26  
7 4 2 27  
7 4 2 28  
7 4 2 29  
7 4 2 30  
7 4 3 1  
7 4 3 2  
7 4 3 3  
7 4 3 4  
7 4 3 5  
7 4 3 6  
7 4 3 7  
7 4 3 8  
7 4 3 9  
7 4 3 10  
7 4 3 11  
7 4 3 12  
7 4 3 13  
7 4 3 14  
7 4 3 15  
7 4 3 16  
7 4 3 17  
7 4 3 18  
7 4 3 19  
7 4 3 20  
7 4 3 21  
7 4 3 22  
7 4 3 23  
7 4 3 24  
7 4 3 25  
7 4 3 26  
7 4 3 27  
7 4 3 28  
7 4 3 29  
7 4 3 30  
7 4 4 1  
7 4 4 2  
7 4 4 3  
7 4 4 4  
7 4 4 5  
7 4 4 6  
7 4 4 7  
7 4 4 8  
7 4 4 9  
7 4 4 10  
7 4 4 11  
7 4 4 12  
7 4 4 13  
7 4 4 14  
7 4 4 15  
7 4 4 16  
7 4 4 17  
7 4 4 18  
7 4 4 19  
7 4 4 20  
7 4 4 21  
7 4 4 22  
7 4 4 23  
7 4 4 24  
7 4 4 25  
7 4 4 26  
7 4 4 27  
7 4 4 28  
7 4 4 29  
7 4 4 30  
7 4 5 1  
7 4 5 2  
7 4 5 3  
7 4 5 4  
7 4 5 5  
7 4 5 6  
7 4 5 7  
7 4 5 8  
7 4 5 9  
7 4 5 10  
7 4 5 11  
7 4 5 12  
7 4 5 13  
7 4 5 14  
7 4 5 15  
7 4 5 16  
7 4 5 17  
7 4 5 18  
7 4 5 19  
7 4 5 20  
7 4 5 21  
7 4 5 22  
7 4 5 23  
7 4 5 24  
7 4 5 25  
7 4 5 26  
7 4 5 27  
7 4 5 28  
7 4 5 29  
7 4 5 30  
7 4 6 1  
7 4 6 2  
7 4 6 3  
7 4 6 4  
7 4 6 5  
7 4 6 6  
7 4 6 7  
7 4 6 8  
7 4 6 9  
7 4 6 10  
7 4 6 11  
7 4 6 12  
7 4 6 13  
7 4 6 14  
7 4 6 15  
7 4 6 16  
7 4 6 17  
7 4 6 18  
7 4 6 19  
7 4 6 20  
7 4 6 21  
7 4 6 22  
7 4 6 23  
7 4 6 24  
7 4 6 25  
7 4 6 26  
7 4 6 27  
7 4 6 28  
7 4 6 29  
7 4 6 30  
7 4 7 1  
7 4 7 2  
7 4 7 3  
7 4 7 4  
7 4 7 5  
7 4 7 6  
7 4 7 7  
7 4 7 8  
7 4 7 9  
7 4 7 10  
7 4 7 11  
7 4 7 12  
7 4 7 13  
7 4 7 14  
7 4 7 15  
7 4 7 16  
7 4 7 17  
7 4 7 18  
7 4 7 19  
7 4 7 20  
7 4 7 21  
7 4 7 22  
7 4 7 23  
7 4 7 24  
7 4 7 25  
7 4 7 26  
7 4 7 27  
7 4 7 28  
7 4 7 29  
7 4 7 30  
7 4 8 1  
7 4 8 2  
7 4 8 3  
7 4 8 4  
7 4 8 5  
7 4 8 6  
7 4 8 7  
7 4 8 8  
7 4 8 9  
7 4 8 10  
7 4 8 11  
7 4 8 12  
7 4 8 13  
7 4 8 14  
7 4 8 15  
7 4 8 16  
7 4 8 17  
7 4 8 18  
7 4 8 19  
7 4 8 20  
7 4 8 21  
7 4 8 22  
7 4 8 23  
7 4 8 24  
7 4 8 25  
7 4 8 26  
7 4 8 27  
7 4 8 28  
7 4 8 29  
7 4 8 30  
7 4 9 1  
7 4 9 2  
7 4 9 3  
7 4 9 4  
7 4 9 5  
7 4 9 6  
7 4 9 7  
7 4 9 8  
7 4 9 9  
7 4 9 10  
7 4 9 11  
7 4 9 12  
7 4 9 13  
7 4 9 14  
7 4 9 15  
7 4 9 16  
7 4 9 17  
7 4 9 18  
7 4 9 19  
7 4 9 20  
7 4 9 21  
7 4 9 22  
7 4 9 23  
7 4 9 24  
7 4 9 25  
7 4 9 26  
7 4 9 27  
7 4 9 28  
7 4 9 29  
7 4 9 30  
7 4 10 1  
7 4 10 2  
7 4 10 3  
7 4 10 4  
7 4 10 5  
7 4 10 6  
7 4 10 7  
7 4 10 8  
7 4 10 9  
7 4 10 10  
7 4 10 11  
7 4 10 12  
7 4 10 13  
7 4 10 14  
7 4 10 15  
7 4 10 16  
7 4 10 17  
7 4 10 18  
7 4 10 19  
7 4 10 20  
7 4 10 21  
7 4 10 22  
7 4 10 23  
7 4 10 24  
7 4 10 25  
7 4 10 26  
7 4 10 27  
7 4 10 28  
7 4 10 29  
7 4 10 30  
8 4 1 1  
8 4 1 2  
8 4 1 3  
8 4 1 4  
8 4 1 5  
8 4 1 6  
8 4 1 7  
8 4 1 8  
8 4 1 9  
8 4 1 10  
8 4 1 11  
8 4 1 12  
8 4 1 13  
8 4 1 14  
8 4 1 15  
8 4 1 16  
8 4 1 17  
8 4 1 18  
8 4 1 19  
8 4 1 20  
8 4 1 21  
8 4 1 22  
8 4 1 23  
8 4 1 24  
8 4 1 25  
8 4 1 26  
8 4 1 27  
8 4 1 28  
8 4 1 29  
8 4 1 30  
8 4 2 1  
8 4 2 2  
8 4 2 3  
8 4 2 4  
8 4 2 5  
8 4 2 6  
8 4 2 7  
8 4 2 8  
8 4 2 9  
8 4 2 10  
8 4 2 11  
8 4 2 12  
8 4 2 13  
8 4 2 14  
8 4 2 15  
8 4 2 16  
8 4 2 17  
8 4 2 18  
8 4 2 19  
8 4 2 20  
8 4 2 21  
8 4 2 22  
8 4 2 23  
8 4 2 24  
8 4 2 25  
8 4 2 26  
8 4 2 27  
8 4 2 28  
8 4 2 29  
8 4 2 30  
8 4 3 1  
8 4 3 2  
8 4 3 3  
8 4 3 4  
8 4 3 5  
8 4 3 6  
8 4 3 7  
8 4 3 8  
8 4 3 9  
8 4 3 10  
8 4 3 11  
8 4 3 12  
8 4 3 13  
8 4 3 14  
8 4 3 15  
8 4 3 16  
8 4 3 17  
8 4 3 18  
8 4 3 19  
8 4 3 20  
8 4 3 21  
8 4 3 22  
8 4 3 23  
8 4 3 24  
8 4 3 25  
8 4 3 26  
8 4 3 27  
8 4 3 28  
8 4 3 29  
8 4 3 30  
8 4 4 1  
8 4 4 2  
8 4 4 3  
8 4 4 4  
8 4 4 5  
8 4 4 6  
8 4 4 7  
8 4 4 8  
8 4 4 9  
8 4 4 10  
8 4 4 11  
8 4 4 12  
8 4 4 13  
8 4 4 14  
8 4 4 15  
8 4 4 16  
8 4 4 17  
8 4 4 18  
8 4 4 19  
8 4 4 20  
8 4 4 21  
8 4 4 22  
8 4 4 23  
8 4 4 24  
8 4 4 25  
8 4 4 26  
8 4 4 27  
8 4 4 28  
8 4 4 29  
8 4 4 30  
8 4 5 1  
8 4 5 2  
8 4 5 3  
8 4 5 4  
8 4 5 5  
8 4 5 6  
8 4 5 7  
8 4 5 8  
8 4 5 9  
8 4 5 10  
8 4 5 11  
8 4 5 12  
8 4 5 13  
8 4 5 14  
8 4 5 15  
8 4 5 16  
8 4 5 17  
8 4 5 18  
8 4 5 19  
8 4 5 20  
8 4 5 21  
8 4 5 22  
8 4 5 23  
8 4 5 24  
8 4 5 25  
8 4 5 26  
8 4 5 27  
8 4 5 28  
8 4 5 29  
8 4 5 30  
8 4 6 1  
8 4 6 2  
8 4 6 3  
8 4 6 4  
8 4 6 5  
8 4 6 6  
8 4 6 7  
8 4 6 8  
8 4 6 9  
8 4 6 10  
8 4 6 11  
8 4 6 12  
8 4 6 13  
8 4 6 14  
8 4 6 15  
8 4 6 16  
8 4 6 17  
8 4 6 18  
8 4 6 19  
8 4 6 20  
8 4 6 21  
8 4 6 22  
8 4 6 23  
8 4 6 24  
8 4 6 25  
8 4 6 26  
8 4 6 27  
8 4 6 28  
8 4 6 29  
8 4 6 30  
8 4 7 1  
8 4 7 2  
8 4 7 3  
8 4 7 4  
8 4 7 5  
8 4 7 6  
8 4 7 7  
8 4 7 8  
8 4 7 9  
8 4 7 10  
8 4 7 11  
8 4 7 12  
8 4 7 13  
8 4 7 14  
8 4 7 15  
8 4 7 16  
8 4 7 17  
8 4 7 18  
8 4 7 19  
8 4 7 20  
8 4 7 21  
8 4 7 22  
8 4 7 23  
8 4 7 24  
8 4 7 25  
8 4 7 26  
8 4 7 27  
8 4 7 28  
8 4 7 29  
8 4 7 30  
8 4 8 1  
8 4 8 2  
8 4 8 3  
8 4 8 4  
8 4 8 5  
8 4 8 6  
8 4 8 7  
8 4 8 8  
8 4 8 9  
8 4 8 10  
8 4 8 11  
8 4 8 12  
8 4 8 13  
8 4 8 14  
8 4 8 15  
8 4 8 16  
8 4 8 17  
8 4 8 18  
8 4 8 19  
8 4 8 20  
8 4 8 21  
8 4 8 22  
8 4 8 23  
8 4 8 24  
8 4 8 25  
8 4 8 26  
8 4 8 27  
8 4 8 28  
8 4 8 29  
8 4 8 30  
8 4 9 1  
8 4 9 2  
8 4 9 3  
8 4 9 4  
8 4 9 5  
8 4 9 6  
8 4 9 7  
8 4 9 8  
8 4 9 9  
8 4 9 10  
8 4 9 11  
8 4 9 12  
8 4 9 13  
8 4 9 14  
8 4 9 15  
8 4 9 16  
8 4 9 17  
8 4 9 18  
8 4 9 19  
8 4 9 20  
8 4 9 21  
8 4 9 22  
8 4 9 23  
8 4 9 24  
8 4 9 25  
8 4 9 26  
8 4 9 27  
8 4 9 28  
8 4 9 29  
8 4 9 30  
8 4 10 1  
8 4 10 2  
8 4 10 3  
8 4 10 4  
8 4 10 5  
8 4 10 6  
8 4 10 7  
8 4 10 8  
8 4 10 9  
8 4 10 10  
8 4 10 11  
8 4 10 12  
8 4 10 13  
8 4 10 14  
8 4 10 15  
8 4 10 16  
8 4 10 17  
8 4 10 18  
8 4 10 19  
8 4 10 20  
8 4 10 21  
8 4 10 22  
8 4 10 23  
8 4 10 24  
8 4 10 25  
8 4 10 26  
8 4 10 27  
8 4 10 28  
8 4 10 29  
8 4 10 30  
9 4 1 1  
9 4 1 2  
9 4 1 3  
9 4 1 4  
9 4 1 5  
9 4 1 6  
9 4 1 7  
9 4 1 8  
9 4 1 9  
9 4 1 10  
9 4 1 11  
9 4 1 12  
9 4 1 13  
9 4 1 14  
9 4 1 15  
9 4 1 16  
9 4 1 17  
9 4 1 18  
9 4 1 19  
9 4 1 20  
9 4 1 21  
9 4 1 22  
9 4 1 23  
9 4 1 24  
9 4 1 25  
9 4 1 26  
9 4 1 27  
9 4 1 28  
9 4 1 29  
9 4 1 30  
9 4 2 1  
9 4 2 2  
9 4 2 3  
9 4 2 4  
9 4 2 5  
9 4 2 6  
9 4 2 7  
9 4 2 8  
9 4 2 9  
9 4 2 10  
9 4 2 11  
9 4 2 12  
9 4 2 13  
9 4 2 14  
9 4 2 15  
9 4 2 16  
9 4 2 17  
9 4 2 18  
9 4 2 19  
9 4 2 20  
9 4 2 21  
9 4 2 22  
9 4 2 23  
9 4 2 24  
9 4 2 25  
9 4 2 26  
9 4 2 27  
9 4 2 28  
9 4 2 29  
9 4 2 30  
9 4 3 1  
9 4 3 2  
9 4 3 3  
9 4 3 4  
9 4 3 5  
9 4 3 6  
9 4 3 7  
9 4 3 8  
9 4 3 9  
9 4 3 10  
9 4 3 11  
9 4 3 12  
9 4 3 13  
9 4 3 14  
9 4 3 15  
9 4 3 16  
9 4 3 17  
9 4 3 18  
9 4 3 19  
9 4 3 20  
9 4 3 21  
9 4 3 22  
9 4 3 23  
9 4 3 24  
9 4 3 25  
9 4 3 26  
9 4 3 27  
9 4 3 28  
9 4 3 29  
9 4 3 30  
9 4 4 1  
9 4 4 2  
9 4 4 3  
9 4 4 4  
9 4 4 5  
9 4 4 6  
9 4 4 7  
9 4 4 8  
9 4 4 9  
9 4 4 10  
9 4 4 11  
9 4 4 12  
9 4 4 13  
9 4 4 14  
9 4 4 15  
9 4 4 16  
9 4 4 17  
9 4 4 18  
9 4 4 19  
9 4 4 20  
9 4 4 21  
9 4 4 22  
9 4 4 23  
9 4 4 24  
9 4 4 25  
9 4 4 26  
9 4 4 27  
9 4 4 28  
9 4 4 29  
9 4 4 30  
9 4 5 1  
9 4 5 2  
9 4 5 3  
9 4 5 4  
9 4 5 5  
9 4 5 6  
9 4 5 7  
9 4 5 8  
9 4 5 9  
9 4 5 10  
9 4 5 11  
9 4 5 12  
9 4 5 13  
9 4 5 14  
9 4 5 15  
9 4 5 16  
9 4 5 17  
9 4 5 18  
9 4 5 19  
9 4 5 20  
9 4 5 21  
9 4 5 22  
9 4 5 23  
9 4 5 24  
9 4 5 25  
9 4 5 26  
9 4 5 27  
9 4 5 28  
9 4 5 29  
9 4 5 30  
9 4 6 1  
9 4 6 2  
9 4 6 3  
9 4 6 4  
9 4 6 5  
9 4 6 6  
9 4 6 7  
9 4 6 8  
9 4 6 9  
9 4 6 10  
9 4 6 11  
9 4 6 12  
9 4 6 13  
9 4 6 14  
9 4 6 15  
9 4 6 16  
9 4 6 17  
9 4 6 18  
9 4 6 19  
9 4 6 20  
9 4 6 21  
9 4 6 22  
9 4 6 23  
9 4 6 24  
9 4 6 25  
9 4 6 26  
9 4 6 27  
9 4 6 28  
9 4 6 29  
9 4 6 30  
9 4 7 1  
9 4 7 2  
9 4 7 3  
9 4 7 4  
9 4 7 5  
9 4 7 6  
9 4 7 7  
9 4 7 8  
9 4 7 9  
9 4 7 10  
9 4 7 11  
9 4 7 12  
9 4 7 13  
9 4 7 14  
9 4 7 15  
9 4 7 16  
9 4 7 17  
9 4 7 18  
9 4 7 19  
9 4 7 20  
9 4 7 21  
9 4 7 22  
9 4 7 23  
9 4 7 24  
9 4 7 25  
9 4 7 26  
9 4 7 27  
9 4 7 28  
9 4 7 29  
9 4 7 30  
9 4 8 1  
9 4 8 2  
9 4 8 3  
9 4 8 4  
9 4 8 5  
9 4 8 6  
9 4 8 7  
9 4 8 8  
9 4 8 9  
9 4 8 10  
9 4 8 11  
9 4 8 12  
9 4 8 13  
9 4 8 14  
9 4 8 15  
9 4 8 16  
9 4 8 17  
9 4 8 18  
9 4 8 19  
9 4 8 20  
9 4 8 21  
9 4 8 22  
9 4 8 23  
9 4 8 24  
9 4 8 25  
9 4 8 26  
9 4 8 27  
9 4 8 28  
9 4 8 29  
9 4 8 30  
9 4 9 1  
9 4 9 2  
9 4 9 3  
9 4 9 4  
9 4 9 5  
9 4 9 6  
9 4 9 7  
9 4 9 8  
9 4 9 9  
9 4 9 10  
9 4 9 11  
9 4 9 12  
9 4 9 13  
9 4 9 14  
9 4 9 15  
9 4 9 16  
9 4 9 17  
9 4 9 18  
9 4 9 19  
9 4 9 20  
9 4 9 21  
9 4 9 22  
9 4 9 23  
9 4 9 24  
9 4 9 25  
9 4 9 26  
9 4 9 27  
9 4 9 28  
9 4 9 29  
9 4 9 30  
9 4 10 1  
9 4 10 2  
9 4 10 3  
9 4 10 4  
9 4 10 5  
9 4 10 6  
9 4 10 7  
9 4 10 8  
9 4 10 9  
9 4 10 10  
9 4 10 11  
9 4 10 12  
9 4 10 13  
9 4 10 14  
9 4 10 15  
9 4 10 16  
9 4 10 17  
9 4 10 18  
9 4 10 19  
9 4 10 20  
9 4 10 21  
9 4 10 22  
9 4 10 23  
9 4 10 24  
9 4 10 25  
9 4 10 26  
9 4 10 27  
9 4 10 28  
9 4 10 29  
9 4 10 30  
10 4 1 1  
10 4 1 2  
10 4 1 3  
10 4 1 4  
10 4 1 5  
10 4 1 6  
10 4 1 7  
10 4 1 8  
10 4 1 9  
10 4 1 10  
10 4 1 11  
10 4 1 12  
10 4 1 13  
10 4 1 14  
10 4 1 15  
10 4 1 16  
10 4 1 17  
10 4 1 18  
10 4 1 19  
10 4 1 20  
10 4 1 21  
10 4 1 22  
10 4 1 23  
10 4 1 24  
10 4 1 25  
10 4 1 26  
10 4 1 27  
10 4 1 28  
10 4 1 29  
10 4 1 30  
10 4 2 1  
10 4 2 2  
10 4 2 3  
10 4 2 4  
10 4 2 5  
10 4 2 6  
10 4 2 7  
10 4 2 8  
10 4 2 9  
10 4 2 10  
10 4 2 11  
10 4 2 12  
10 4 2 13  
10 4 2 14  
10 4 2 15  
10 4 2 16  
10 4 2 17  
10 4 2 18  
10 4 2 19  
10 4 2 20  
10 4 2 21  
10 4 2 22  
10 4 2 23  
10 4 2 24  
10 4 2 25  
10 4 2 26  
10 4 2 27  
10 4 2 28  
10 4 2 29  
10 4 2 30  
10 4 3 1  
10 4 3 2  
10 4 3 3  
10 4 3 4  
10 4 3 5  
10 4 3 6  
10 4 3 7  
10 4 3 8  
10 4 3 9  
10 4 3 10  
10 4 3 11  
10 4 3 12  
10 4 3 13  
10 4 3 14  
10 4 3 15  
10 4 3 16  
10 4 3 17  
10 4 3 18  
10 4 3 19  
10 4 3 20  
10 4 3 21  
10 4 3 22  
10 4 3 23  
10 4 3 24  
10 4 3 25  
10 4 3 26  
10 4 3 27  
10 4 3 28  
10 4 3 29  
10 4 3 30  
10 4 4 1  
10 4 4 2  
10 4 4 3  
10 4 4 4  
10 4 4 5  
10 4 4 6  
10 4 4 7  
10 4 4 8  
10 4 4 9  
10 4 4 10  
10 4 4 11  
10 4 4 12  
10 4 4 13  
10 4 4 14  
10 4 4 15  
10 4 4 16  
10 4 4 17  
10 4 4 18  
10 4 4 19  
10 4 4 20  
10 4 4 21  
10 4 4 22  
10 4 4 23  
10 4 4 24  
10 4 4 25  
10 4 4 26  
10 4 4 27  
10 4 4 28  
10 4 4 29  
10 4 4 30  
10 4 5 1  
10 4 5 2  
10 4 5 3  
10 4 5 4  
10 4 5 5  
10 4 5 6  
10 4 5 7  
10 4 5 8  
10 4 5 9  
10 4 5 10  
10 4 5 11  
10 4 5 12  
10 4 5 13  
10 4 5 14  
10 4 5 15  
10 4 5 16  
10 4 5 17  
10 4 5 18  
10 4 5 19  
10 4 5 20  
10 4 5 21  
10 4 5 22  
10 4 5 23  
10 4 5 24  
10 4 5 25  
10 4 5 26  
10 4 5 27  
10 4 5 28  
10 4 5 29  
10 4 5 30  
10 4 6 1  
10 4 6 2  
10 4 6 3  
10 4 6 4  
10 4 6 5  
10 4 6 6  
10 4 6 7  
10 4 6 8  
10 4 6 9  
10 4 6 10  
10 4 6 11  
10 4 6 12  
10 4 6 13  
10 4 6 14  
10 4 6 15  
10 4 6 16  
10 4 6 17  
10 4 6 18  
10 4 6 19  
10 4 6 20  
10 4 6 21  
10 4 6 22  
10 4 6 23  
10 4 6 24  
10 4 6 25  
10 4 6 26  
10 4 6 27  
10 4 6 28  
10 4 6 29  
10 4 6 30  
10 4 7 1  
10 4 7 2  
10 4 7 3  
10 4 7 4  
10 4 7 5  
10 4 7 6  
10 4 7 7  
10 4 7 8  
10 4 7 9  
10 4 7 10  
10 4 7 11  
10 4 7 12  
10 4 7 13  
10 4 7 14  
10 4 7 15  
10 4 7 16  
10 4 7 17  
10 4 7 18  
10 4 7 19  
10 4 7 20  
10 4 7 21  
10 4 7 22  
10 4 7 23  
10 4 7 24  
10 4 7 25  
10 4 7 26  
10 4 7 27  
10 4 7 28  
10 4 7 29  
10 4 7 30  
10 4 8 1  
10 4 8 2  
10 4 8 3  
10 4 8 4  
10 4 8 5  
10 4 8 6  
10 4 8 7  
10 4 8 8  
10 4 8 9  
10 4 8 10  
10 4 8 11  
10 4 8 12  
10 4 8 13  
10 4 8 14  
10 4 8 15  
10 4 8 16  
10 4 8 17  
10 4 8 18  
10 4 8 19  
10 4 8 20  
10 4 8 21  
10 4 8 22  
10 4 8 23  
10 4 8 24  
10 4 8 25  
10 4 8 26  
10 4 8 27  
10 4 8 28  
10 4 8 29  
10 4 8 30  
10 4 9 1  
10 4 9 2  
10 4 9 3  
10 4 9 4  
10 4 9 5  
10 4 9 6  
10 4 9 7  
10 4 9 8  
10 4 9 9  
10 4 9 10  
10 4 9 11  
10 4 9 12  
10 4 9 13  
10 4 9 14  
10 4 9 15  
10 4 9 16  
10 4 9 17  
10 4 9 18  
10 4 9 19  
10 4 9 20  
10 4 9 21  
10 4 9 22  
10 4 9 23  
10 4 9 24  
10 4 9 25  
10 4 9 26  
10 4 9 27  
10 4 9 28  
10 4 9 29  
10 4 9 30  
10 4 10 1  
10 4 10 2  
10 4 10 3  
10 4 10 4  
10 4 10 5  
10 4 10 6  
10 4 10 7  
10 4 10 8  
10 4 10 9  
10 4 10 10  
10 4 10 11  
10 4 10 12  
10 4 10 13  
10 4 10 14  
10 4 10 15  
10 4 10 16  
10 4 10 17  
10 4 10 18  
10 4 10 19  
10 4 10 20  
10 4 10 21  
10 4 10 22  
10 4 10 23  
10 4 10 24  
10 4 10 25  
10 4 10 26  
10 4 10 27  
10 4 10 28  
10 4 10 29  
10 4 10 30  
11 4 1 1  
11 4 1 2  
11 4 1 3  
11 4 1 4  
11 4 1 5  
11 4 1 6  
11 4 1 7  
11 4 1 8  
11 4 1 9  
11 4 1 10  
11 4 1 11  
11 4 1 12  
11 4 1 13  
11 4 1 14  
11 4 1 15  
11 4 1 16  
11 4 1 17  
11 4 1 18  
11 4 1 19  
11 4 1 20  
11 4 1 21  
11 4 1 22  
11 4 1 23  
11 4 1 24  
11 4 1 25  
11 4 1 26  
11 4 1 27  
11 4 1 28  
11 4 1 29  
11 4 1 30  
11 4 2 1  
11 4 2 2  
11 4 2 3  
11 4 2 4  
11 4 2 5  
11 4 2 6  
11 4 2 7  
11 4 2 8  
11 4 2 9  
11 4 2 10  
11 4 2 11  
11 4 2 12  
11 4 2 13  
11 4 2 14  
11 4 2 15  
11 4 2 16  
11 4 2 17  
11 4 2 18  
11 4 2 19  
11 4 2 20  
11 4 2 21  
11 4 2 22  
11 4 2 23  
11 4 2 24  
11 4 2 25  
11 4 2 26  
11 4 2 27  
11 4 2 28  
11 4 2 29  
11 4 2 30  
11 4 3 1  
11 4 3 2  
11 4 3 3  
11 4 3 4  
11 4 3 5  
11 4 3 6  
11 4 3 7  
11 4 3 8  
11 4 3 9  
11 4 3 10  
11 4 3 11  
11 4 3 12  
11 4 3 13  
11 4 3 14  
11 4 3 15  
11 4 3 16  
11 4 3 17  
11 4 3 18  
11 4 3 19  
11 4 3 20  
11 4 3 21  
11 4 3 22  
11 4 3 23  
11 4 3 24  
11 4 3 25  
11 4 3 26  
11 4 3 27  
11 4 3 28  
11 4 3 29  
11 4 3 30  
11 4 4 1  
11 4 4 2  
11 4 4 3  
11 4 4 4  
11 4 4 5  
11 4 4 6  
11 4 4 7  
11 4 4 8  
11 4 4 9  
11 4 4 10  
11 4 4 11  
11 4 4 12  
11 4 4 13  
11 4 4 14  
11 4 4 15  
11 4 4 16  
11 4 4 17  
11 4 4 18  
11 4 4 19  
11 4 4 20  
11 4 4 21  
11 4 4 22  
11 4 4 23  
11 4 4 24  
11 4 4 25  
11 4 4 26  
11 4 4 27  
11 4 4 28  
11 4 4 29  
11 4 4 30  
11 4 5 1  
11 4 5 2  
11 4 5 3  
11 4 5 4  
11 4 5 5  
11 4 5 6  
11 4 5 7  
11 4 5 8  
11 4 5 9  
11 4 5 10  
11 4 5 11  
11 4 5 12  
11 4 5 13  
11 4 5 14  
11 4 5 15  
11 4 5 16  
11 4 5 17  
11 4 5 18  
11 4 5 19  
11 4 5 20  
11 4 5 21  
11 4 5 22  
11 4 5 23  
11 4 5 24  
11 4 5 25  
11 4 5 26  
11 4 5 27  
11 4 5 28  
11 4 5 29  
11 4 5 30  
11 4 6 1  
11 4 6 2  
11 4 6 3  
11 4 6 4  
11 4 6 5  
11 4 6 6  
11 4 6 7  
11 4 6 8  
11 4 6 9  
11 4 6 10  
11 4 6 11  
11 4 6 12  
11 4 6 13  
11 4 6 14  
11 4 6 15  
11 4 6 16  
11 4 6 17  
11 4 6 18  
11 4 6 19  
11 4 6 20  
11 4 6 21  
11 4 6 22  
11 4 6 23  
11 4 6 24  
11 4 6 25  
11 4 6 26  
11 4 6 27  
11 4 6 28  
11 4 6 29  
11 4 6 30  
11 4 7 1  
11 4 7 2  
11 4 7 3  
11 4 7 4  
11 4 7 5  
11 4 7 6  
11 4 7 7  
11 4 7 8  
11 4 7 9  
11 4 7 10  
11 4 7 11  
11 4 7 12  
11 4 7 13  
11 4 7 14  
11 4 7 15  
11 4 7 16  
11 4 7 17  
11 4 7 18  
11 4 7 19  
11 4 7 20  
11 4 7 21  
11 4 7 22  
11 4 7 23  
11 4 7 24  
11 4 7 25  
11 4 7 26  
11 4 7 27  
11 4 7 28  
11 4 7 29  
11 4 7 30  
11 4 8 1  
11 4 8 2  
11 4 8 3  
11 4 8 4  
11 4 8 5  
11 4 8 6  
11 4 8 7  
11 4 8 8  
11 4 8 9  
11 4 8 10  
11 4 8 11  
11 4 8 12  
11 4 8 13  
11 4 8 14  
11 4 8 15  
11 4 8 16  
11 4 8 17  
11 4 8 18  
11 4 8 19  
11 4 8 20  
11 4 8 21  
11 4 8 22  
11 4 8 23  
11 4 8 24  
11 4 8 25  
11 4 8 26  
11 4 8 27  
11 4 8 28  
11 4 8 29  
11 4 8 30  
11 4 9 1  
11 4 9 2  
11 4 9 3  
11 4 9 4  
11 4 9 5  
11 4 9 6  
11 4 9 7  
11 4 9 8  
11 4 9 9  
11 4 9 10  
11 4 9 11  
11 4 9 12  
11 4 9 13  
11 4 9 14  
11 4 9 15  
11 4 9 16  
11 4 9 17  
11 4 9 18  
11 4 9 19  
11 4 9 20  
11 4 9 21  
11 4 9 22  
11 4 9 23  
11 4 9 24  
11 4 9 25  
11 4 9 26  
11 4 9 27  
11 4 9 28  
11 4 9 29  
11 4 9 30  
11 4 10 1  
11 4 10 2  
11 4 10 3  
11 4 10 4  
11 4 10 5  
11 4 10 6  
11 4 10 7  
11 4 10 8  
11 4 10 9  
11 4 10 10  
11 4 10 11  
11 4 10 12  
11 4 10 13  
11 4 10 14  
11 4 10 15  
11 4 10 16  
11 4 10 17  
11 4 10 18  
11 4 10 19  
11 4 10 20  
11 4 10 21  
11 4 10 22  
11 4 10 23  
11 4 10 24  
11 4 10 25  
11 4 10 26  
11 4 10 27  
11 4 10 28  
11 4 10 29  
11 4 10 30  
12 4 1 1  
12 4 1 2  
12 4 1 3  
12 4 1 4  
12 4 1 5  
12 4 1 6  
12 4 1 7  
12 4 1 8  
12 4 1 9  
12 4 1 10  
12 4 1 11  
12 4 1 12  
12 4 1 13  
12 4 1 14  
12 4 1 15  
12 4 1 16  
12 4 1 17  
12 4 1 18  
12 4 1 19  
12 4 1 20  
12 4 1 21  
12 4 1 22  
12 4 1 23  
12 4 1 24  
12 4 1 25  
12 4 1 26  
12 4 1 27  
12 4 1 28  
12 4 1 29  
12 4 1 30  
12 4 2 1  
12 4 2 2  
12 4 2 3  
12 4 2 4  
12 4 2 5  
12 4 2 6  
12 4 2 7  
12 4 2 8  
12 4 2 9  
12 4 2 10  
12 4 2 11  
12 4 2 12  
12 4 2 13  
12 4 2 14  
12 4 2 15  
12 4 2 16  
12 4 2 17  
12 4 2 18  
12 4 2 19  
12 4 2 20  
12 4 2 21  
12 4 2 22  
12 4 2 23  
12 4 2 24  
12 4 2 25  
12 4 2 26  
12 4 2 27  
12 4 2 28  
12 4 2 29  
12 4 2 30  
12 4 3 1  
12 4 3 2  
12 4 3 3  
12 4 3 4  
12 4 3 5  
12 4 3 6  
12 4 3 7  
12 4 3 8  
12 4 3 9  
12 4 3 10  
12 4 3 11  
12 4 3 12  
12 4 3 13  
12 4 3 14  
12 4 3 15  
12 4 3 16  
12 4 3 17  
12 4 3 18  
12 4 3 19  
12 4 3 20  
12 4 3 21  
12 4 3 22  
12 4 3 23  
12 4 3 24  
12 4 3 25  
12 4 3 26  
12 4 3 27  
12 4 3 28  
12 4 3 29  
12 4 3 30  
12 4 4 1  
12 4 4 2  
12 4 4 3  
12 4 4 4  
12 4 4 5  
12 4 4 6  
12 4 4 7  
12 4 4 8  
12 4 4 9  
12 4 4 10  
12 4 4 11  
12 4 4 12  
12 4 4 13  
12 4 4 14  
12 4 4 15  
12 4 4 16  
12 4 4 17  
12 4 4 18  
12 4 4 19  
12 4 4 20  
12 4 4 21  
12 4 4 22  
12 4 4 23  
12 4 4 24  
12 4 4 25  
12 4 4 26  
12 4 4 27  
12 4 4 28  
12 4 4 29  
12 4 4 30  
12 4 5 1  
12 4 5 2  
12 4 5 3  
12 4 5 4  
12 4 5 5  
12 4 5 6  
12 4 5 7  
12 4 5 8  
12 4 5 9  
12 4 5 10  
12 4 5 11  
12 4 5 12  
12 4 5 13  
12 4 5 14  
12 4 5 15  
12 4 5 16  
12 4 5 17  
12 4 5 18  
12 4 5 19  
12 4 5 20  
12 4 5 21  
12 4 5 22  
12 4 5 23  
12 4 5 24  
12 4 5 25  
12 4 5 26  
12 4 5 27  
12 4 5 28  
12 4 5 29  
12 4 5 30  
12 4 6 1  
12 4 6 2  
12 4 6 3  
12 4 6 4  
12 4 6 5  
12 4 6 6  
12 4 6 7  
12 4 6 8  
12 4 6 9  
12 4 6 10  
12 4 6 11  
12 4 6 12  
12 4 6 13  
12 4 6 14  
12 4 6 15  
12 4 6 16  
12 4 6 17  
12 4 6 18  
12 4 6 19  
12 4 6 20  
12 4 6 21  
12 4 6 22  
12 4 6 23  
12 4 6 24  
12 4 6 25  
12 4 6 26  
12 4 6 27  
12 4 6 28  
12 4 6 29  
12 4 6 30  
12 4 7 1  
12 4 7 2  
12 4 7 3  
12 4 7 4  
12 4 7 5  
12 4 7 6  
12 4 7 7  
12 4 7 8  
12 4 7 9  
12 4 7 10  
12 4 7 11  
12 4 7 12  
12 4 7 13  
12 4 7 14  
12 4 7 15  
12 4 7 16  
12 4 7 17  
12 4 7 18  
12 4 7 19  
12 4 7 20  
12 4 7 21  
12 4 7 22  
12 4 7 23  
12 4 7 24  
12 4 7 25  
12 4 7 26  
12 4 7 27  
12 4 7 28  
12 4 7 29  
12 4 7 30  
12 4 8 1  
12 4 8 2  
12 4 8 3  
12 4 8 4  
12 4 8 5  
12 4 8 6  
12 4 8 7  
12 4 8 8  
12 4 8 9  
12 4 8 10  
12 4 8 11  
12 4 8 12  
12 4 8 13  
12 4 8 14  
12 4 8 15  
12 4 8 16  
12 4 8 17  
12 4 8 18  
12 4 8 19  
12 4 8 20  
12 4 8 21  
12 4 8 22  
12 4 8 23  
12 4 8 24  
12 4 8 25  
12 4 8 26  
12 4 8 27  
12 4 8 28  
12 4 8 29  
12 4 8 30  
12 4 9 1  
12 4 9 2  
12 4 9 3  
12 4 9 4  
12 4 9 5  
12 4 9 6  
12 4 9 7  
12 4 9 8  
12 4 9 9  
12 4 9 10  
12 4 9 11  
12 4 9 12  
12 4 9 13  
12 4 9 14  
12 4 9 15  
12 4 9 16  
12 4 9 17  
12 4 9 18  
12 4 9 19  
12 4 9 20  
12 4 9 21  
12 4 9 22  
12 4 9 23  
12 4 9 24  
12 4 9 25  
12 4 9 26  
12 4 9 27  
12 4 9 28  
12 4 9 29  
12 4 9 30  
12 4 10 1  
12 4 10 2  
12 4 10 3  
12 4 10 4  
12 4 10 5  
12 4 10 6  
12 4 10 7  
12 4 10 8  
12 4 10 9  
12 4 10 10  
12 4 10 11  
12 4 10 12  
12 4 10 13  
12 4 10 14  
12 4 10 15  
12 4 10 16  
12 4 10 17  
12 4 10 18  
12 4 10 19  
12 4 10 20  
12 4 10 21  
12 4 10 22  
12 4 10 23  
12 4 10 24  
12 4 10 25  
12 4 10 26  
12 4 10 27  
12 4 10 28  
12 4 10 29  
12 4 10 30  
13 4 1 1  
13 4 1 2  
13 4 1 3  
13 4 1 4  
13 4 1 5  
13 4 1 6  
13 4 1 7  
13 4 1 8  
13 4 1 9  
13 4 1 10  
13 4 1 11  
13 4 1 12  
13 4 1 13  
13 4 1 14  
13 4 1 15  
13 4 1 16  
13 4 1 17  
13 4 1 18  
13 4 1 19  
13 4 1 20  
13 4 1 21  
13 4 1 22  
13 4 1 23  
13 4 1 24  
13 4 1 25  
13 4 1 26  
13 4 1 27  
13 4 1 28  
13 4 1 29  
13 4 1 30  
13 4 2 1  
13 4 2 2  
13 4 2 3  
13 4 2 4  
13 4 2 5  
13 4 2 6  
13 4 2 7  
13 4 2 8  
13 4 2 9  
13 4 2 10  
13 4 2 11  
13 4 2 12  
13 4 2 13  
13 4 2 14  
13 4 2 15  
13 4 2 16  
13 4 2 17  
13 4 2 18  
13 4 2 19  
13 4 2 20  
13 4 2 21  
13 4 2 22  
13 4 2 23  
13 4 2 24  
13 4 2 25  
13 4 2 26  
13 4 2 27  
13 4 2 28  
13 4 2 29  
13 4 2 30  
13 4 3 1  
13 4 3 2  
13 4 3 3  
13 4 3 4  
13 4 3 5  
13 4 3 6  
13 4 3 7  
13 4 3 8  
13 4 3 9  
13 4 3 10  
13 4 3 11  
13 4 3 12  
13 4 3 13  
13 4 3 14  
13 4 3 15  
13 4 3 16  
13 4 3 17  
13 4 3 18  
13 4 3 19  
13 4 3 20  
13 4 3 21  
13 4 3 22  
13 4 3 23  
13 4 3 24  
13 4 3 25  
13 4 3 26  
13 4 3 27  
13 4 3 28  
13 4 3 29  
13 4 3 30  
13 4 4 1  
13 4 4 2  
13 4 4 3  
13 4 4 4  
13 4 4 5  
13 4 4 6  
13 4 4 7  
13 4 4 8  
13 4 4 9  
13 4 4 10  
13 4 4 11  
13 4 4 12  
13 4 4 13  
13 4 4 14  
13 4 4 15  
13 4 4 16  
13 4 4 17  
13 4 4 18  
13 4 4 19  
13 4 4 20  
13 4 4 21  
13 4 4 22  
13 4 4 23  
13 4 4 24  
13 4 4 25  
13 4 4 26  
13 4 4 27  
13 4 4 28  
13 4 4 29  
13 4 4 30  
13 4 5 1  
13 4 5 2  
13 4 5 3  
13 4 5 4  
13 4 5 5  
13 4 5 6  
13 4 5 7  
13 4 5 8  
13 4 5 9  
13 4 5 10  
13 4 5 11  
13 4 5 12  
13 4 5 13  
13 4 5 14  
13 4 5 15  
13 4 5 16  
13 4 5 17  
13 4 5 18  
13 4 5 19  
13 4 5 20  
13 4 5 21  
13 4 5 22  
13 4 5 23  
13 4 5 24  
13 4 5 25  
13 4 5 26  
13 4 5 27  
13 4 5 28  
13 4 5 29  
13 4 5 30  
13 4 6 1  
13 4 6 2  
13 4 6 3  
13 4 6 4  
13 4 6 5  
13 4 6 6  
13 4 6 7  
13 4 6 8  
13 4 6 9  
13 4 6 10  
13 4 6 11  
13 4 6 12  
13 4 6 13  
13 4 6 14  
13 4 6 15  
13 4 6 16  
13 4 6 17  
13 4 6 18  
13 4 6 19  
13 4 6 20  
13 4 6 21  
13 4 6 22  
13 4 6 23  
13 4 6 24  
13 4 6 25  
13 4 6 26  
13 4 6 27  
13 4 6 28  
13 4 6 29  
13 4 6 30  
13 4 7 1  
13 4 7 2  
13 4 7 3  
13 4 7 4  
13 4 7 5  
13 4 7 6  
13 4 7 7  
13 4 7 8  
13 4 7 9  
13 4 7 10  
13 4 7 11  
13 4 7 12  
13 4 7 13  
13 4 7 14  
13 4 7 15  
13 4 7 16  
13 4 7 17  
13 4 7 18  
13 4 7 19  
13 4 7 20  
13 4 7 21  
13 4 7 22  
13 4 7 23  
13 4 7 24  
13 4 7 25  
13 4 7 26  
13 4 7 27  
13 4 7 28  
13 4 7 29  
13 4 7 30  
13 4 8 1  
13 4 8 2  
13 4 8 3  
13 4 8 4  
13 4 8 5  
13 4 8 6  
13 4 8 7  
13 4 8 8  
13 4 8 9  
13 4 8 10  
13 4 8 11  
13 4 8 12  
13 4 8 13  
13 4 8 14  
13 4 8 15  
13 4 8 16  
13 4 8 17  
13 4 8 18  
13 4 8 19  
13 4 8 20  
13 4 8 21  
13 4 8 22  
13 4 8 23  
13 4 8 24  
13 4 8 25  
13 4 8 26  
13 4 8 27  
13 4 8 28  
13 4 8 29  
13 4 8 30  
13 4 9 1  
13 4 9 2  
13 4 9 3  
13 4 9 4  
13 4 9 5  
13 4 9 6  
13 4 9 7  
13 4 9 8  
13 4 9 9  
13 4 9 10  
13 4 9 11  
13 4 9 12  
13 4 9 13  
13 4 9 14  
13 4 9 15  
13 4 9 16  
13 4 9 17  
13 4 9 18  
13 4 9 19  
13 4 9 20  
13 4 9 21  
13 4 9 22  
13 4 9 23  
13 4 9 24  
13 4 9 25  
13 4 9 26  
13 4 9 27  
13 4 9 28  
13 4 9 29  
13 4 9 30  
13 4 10 1  
13 4 10 2  
13 4 10 3  
13 4 10 4  
13 4 10 5  
13 4 10 6  
13 4 10 7  
13 4 10 8  
13 4 10 9  
13 4 10 10  
13 4 10 11  
13 4 10 12  
13 4 10 13  
13 4 10 14  
13 4 10 15  
13 4 10 16  
13 4 10 17  
13 4 10 18  
13 4 10 19  
13 4 10 20  
13 4 10 21  
13 4 10 22  
13 4 10 23  
13 4 10 24  
13 4 10 25  
13 4 10 26  
13 4 10 27  
13 4 10 28  
13 4 10 29  
13 4 10 30  
14 4 1 1  
14 4 1 2  
14 4 1 3  
14 4 1 4  
14 4 1 5  
14 4 1 6  
14 4 1 7  
14 4 1 8  
14 4 1 9  
14 4 1 10  
14 4 1 11  
14 4 1 12  
14 4 1 13  
14 4 1 14  
14 4 1 15  
14 4 1 16  
14 4 1 17  
14 4 1 18  
14 4 1 19  
14 4 1 20  
14 4 1 21  
14 4 1 22  
14 4 1 23  
14 4 1 24  
14 4 1 25  
14 4 1 26  
14 4 1 27  
14 4 1 28  
14 4 1 29  
14 4 1 30  
14 4 2 1  
14 4 2 2  
14 4 2 3  
14 4 2 4  
14 4 2 5  
14 4 2 6  
14 4 2 7  
14 4 2 8  
14 4 2 9  
14 4 2 10  
14 4 2 11  
14 4 2 12  
14 4 2 13  
14 4 2 14  
14 4 2 15  
14 4 2 16  
14 4 2 17  
14 4 2 18  
14 4 2 19  
14 4 2 20  
14 4 2 21  
14 4 2 22  
14 4 2 23  
14 4 2 24  
14 4 2 25  
14 4 2 26  
14 4 2 27  
14 4 2 28  
14 4 2 29  
14 4 2 30  
14 4 3 1  
14 4 3 2  
14 4 3 3  
14 4 3 4  
14 4 3 5  
14 4 3 6  
14 4 3 7  
14 4 3 8  
14 4 3 9  
14 4 3 10  
14 4 3 11  
14 4 3 12  
14 4 3 13  
14 4 3 14  
14 4 3 15  
14 4 3 16  
14 4 3 17  
14 4 3 18  
14 4 3 19  
14 4 3 20  
14 4 3 21  
14 4 3 22  
14 4 3 23  
14 4 3 24  
14 4 3 25  
14 4 3 26  
14 4 3 27  
14 4 3 28  
14 4 3 29  
14 4 3 30  
14 4 4 1  
14 4 4 2  
14 4 4 3  
14 4 4 4  
14 4 4 5  
14 4 4 6  
14 4 4 7  
14 4 4 8  
14 4 4 9  
14 4 4 10  
14 4 4 11  
14 4 4 12  
14 4 4 13  
14 4 4 14  
14 4 4 15  
14 4 4 16  
14 4 4 17  
14 4 4 18  
14 4 4 19  
14 4 4 20  
14 4 4 21  
14 4 4 22  
14 4 4 23  
14 4 4 24  
14 4 4 25  
14 4 4 26  
14 4 4 27  
14 4 4 28  
14 4 4 29  
14 4 4 30  
14 4 5 1  
14 4 5 2  
14 4 5 3  
14 4 5 4  
14 4 5 5  
14 4 5 6  
14 4 5 7  
14 4 5 8  
14 4 5 9  
14 4 5 10  
14 4 5 11  
14 4 5 12  
14 4 5 13  
14 4 5 14  
14 4 5 15  
14 4 5 16  
14 4 5 17  
14 4 5 18  
14 4 5 19  
14 4 5 20  
14 4 5 21  
14 4 5 22  
14 4 5 23  
14 4 5 24  
14 4 5 25  
14 4 5 26  
14 4 5 27  
14 4 5 28  
14 4 5 29  
14 4 5 30  
14 4 6 1  
14 4 6 2  
14 4 6 3  
14 4 6 4  
14 4 6 5  
14 4 6 6  
14 4 6 7  
14 4 6 8  
14 4 6 9  
14 4 6 10  
14 4 6 11  
14 4 6 12  
14 4 6 13  
14 4 6 14  
14 4 6 15  
14 4 6 16  
14 4 6 17  
14 4 6 18  
14 4 6 19  
14 4 6 20  
14 4 6 21  
14 4 6 22  
14 4 6 23  
14 4 6 24  
14 4 6 25  
14 4 6 26  
14 4 6 27  
14 4 6 28  
14 4 6 29  
14 4 6 30  
14 4 7 1  
14 4 7 2  
14 4 7 3  
14 4 7 4  
14 4 7 5  
14 4 7 6  
14 4 7 7  
14 4 7 8  
14 4 7 9  
14 4 7 10  
14 4 7 11  
14 4 7 12  
14 4 7 13  
14 4 7 14  
14 4 7 15  
14 4 7 16  
14 4 7 17  
14 4 7 18  
14 4 7 19  
14 4 7 20  
14 4 7 21  
14 4 7 22  
14 4 7 23  
14 4 7 24  
14 4 7 25  
14 4 7 26  
14 4 7 27  
14 4 7 28  
14 4 7 29  
14 4 7 30  
14 4 8 1  
14 4 8 2  
14 4 8 3  
14 4 8 4  
14 4 8 5  
14 4 8 6  
14 4 8 7  
14 4 8 8  
14 4 8 9  
14 4 8 10  
14 4 8 11  
14 4 8 12  
14 4 8 13  
14 4 8 14  
14 4 8 15  
14 4 8 16  
14 4 8 17  
14 4 8 18  
14 4 8 19  
14 4 8 20  
14 4 8 21  
14 4 8 22  
14 4 8 23  
14 4 8 24  
14 4 8 25  
14 4 8 26  
14 4 8 27  
14 4 8 28  
14 4 8 29  
14 4 8 30  
14 4 9 1  
14 4 9 2  
14 4 9 3  
14 4 9 4  
14 4 9 5  
14 4 9 6  
14 4 9 7  
14 4 9 8  
14 4 9 9  
14 4 9 10  
14 4 9 11  
14 4 9 12  
14 4 9 13  
14 4 9 14  
14 4 9 15  
14 4 9 16  
14 4 9 17  
14 4 9 18  
14 4 9 19  
14 4 9 20  
14 4 9 21  
14 4 9 22  
14 4 9 23  
14 4 9 24  
14 4 9 25  
14 4 9 26  
14 4 9 27  
14 4 9 28  
14 4 9 29  
14 4 9 30  
14 4 10 1  
14 4 10 2  
14 4 10 3  
14 4 10 4  
14 4 10 5  
14 4 10 6  
14 4 10 7  
14 4 10 8  
14 4 10 9  
14 4 10 10  
14 4 10 11  
14 4 10 12  
14 4 10 13  
14 4 10 14  
14 4 10 15  
14 4 10 16  
14 4 10 17  
14 4 10 18  
14 4 10 19  
14 4 10 20  
14 4 10 21  
14 4 10 22  
14 4 10 23  
14 4 10 24  
14 4 10 25  
14 4 10 26  
14 4 10 27  
14 4 10 28  
14 4 10 29  
14 4 10 30  
15 4 1 1  
15 4 1 2  
15 4 1 3  
15 4 1 4  
15 4 1 5  
15 4 1 6  
15 4 1 7  
15 4 1 8  
15 4 1 9  
15 4 1 10  
15 4 1 11  
15 4 1 12  
15 4 1 13  
15 4 1 14  
15 4 1 15  
15 4 1 16  
15 4 1 17  
15 4 1 18  
15 4 1 19  
15 4 1 20  
15 4 1 21  
15 4 1 22  
15 4 1 23  
15 4 1 24  
15 4 1 25  
15 4 1 26  
15 4 1 27  
15 4 1 28  
15 4 1 29  
15 4 1 30  
15 4 2 1  
15 4 2 2  
15 4 2 3  
15 4 2 4  
15 4 2 5  
15 4 2 6  
15 4 2 7  
15 4 2 8  
15 4 2 9  
15 4 2 10  
15 4 2 11  
15 4 2 12  
15 4 2 13  
15 4 2 14  
15 4 2 15  
15 4 2 16  
15 4 2 17  
15 4 2 18  
15 4 2 19  
15 4 2 20  
15 4 2 21  
15 4 2 22  
15 4 2 23  
15 4 2 24  
15 4 2 25  
15 4 2 26  
15 4 2 27  
15 4 2 28  
15 4 2 29  
15 4 2 30  
15 4 3 1  
15 4 3 2  
15 4 3 3  
15 4 3 4  
15 4 3 5  
15 4 3 6  
15 4 3 7  
15 4 3 8  
15 4 3 9  
15 4 3 10  
15 4 3 11  
15 4 3 12  
15 4 3 13  
15 4 3 14  
15 4 3 15  
15 4 3 16  
15 4 3 17  
15 4 3 18  
15 4 3 19  
15 4 3 20  
15 4 3 21  
15 4 3 22  
15 4 3 23  
15 4 3 24  
15 4 3 25  
15 4 3 26  
15 4 3 27  
15 4 3 28  
15 4 3 29  
15 4 3 30  
15 4 4 1  
15 4 4 2  
15 4 4 3  
15 4 4 4  
15 4 4 5  
15 4 4 6  
15 4 4 7  
15 4 4 8  
15 4 4 9  
15 4 4 10  
15 4 4 11  
15 4 4 12  
15 4 4 13  
15 4 4 14  
15 4 4 15  
15 4 4 16  
15 4 4 17  
15 4 4 18  
15 4 4 19  
15 4 4 20  
15 4 4 21  
15 4 4 22  
15 4 4 23  
15 4 4 24  
15 4 4 25  
15 4 4 26  
15 4 4 27  
15 4 4 28  
15 4 4 29  
15 4 4 30  
15 4 5 1  
15 4 5 2  
15 4 5 3  
15 4 5 4  
15 4 5 5  
15 4 5 6  
15 4 5 7  
15 4 5 8  
15 4 5 9  
15 4 5 10  
15 4 5 11  
15 4 5 12  
15 4 5 13  
15 4 5 14  
15 4 5 15  
15 4 5 16  
15 4 5 17  
15 4 5 18  
15 4 5 19  
15 4 5 20  
15 4 5 21  
15 4 5 22  
15 4 5 23  
15 4 5 24  
15 4 5 25  
15 4 5 26  
15 4 5 27  
15 4 5 28  
15 4 5 29  
15 4 5 30  
15 4 6 1  
15 4 6 2  
15 4 6 3  
15 4 6 4  
15 4 6 5  
15 4 6 6  
15 4 6 7  
15 4 6 8  
15 4 6 9  
15 4 6 10  
15 4 6 11  
15 4 6 12  
15 4 6 13  
15 4 6 14  
15 4 6 15  
15 4 6 16  
15 4 6 17  
15 4 6 18  
15 4 6 19  
15 4 6 20  
15 4 6 21  
15 4 6 22  
15 4 6 23  
15 4 6 24  
15 4 6 25  
15 4 6 26  
15 4 6 27  
15 4 6 28  
15 4 6 29  
15 4 6 30  
15 4 7 1  
15 4 7 2  
15 4 7 3  
15 4 7 4  
15 4 7 5  
15 4 7 6  
15 4 7 7  
15 4 7 8  
15 4 7 9  
15 4 7 10  
15 4 7 11  
15 4 7 12  
15 4 7 13  
15 4 7 14  
15 4 7 15  
15 4 7 16  
15 4 7 17  
15 4 7 18  
15 4 7 19  
15 4 7 20  
15 4 7 21  
15 4 7 22  
15 4 7 23  
15 4 7 24  
15 4 7 25  
15 4 7 26  
15 4 7 27  
15 4 7 28  
15 4 7 29  
15 4 7 30  
15 4 8 1  
15 4 8 2  
15 4 8 3  
15 4 8 4  
15 4 8 5  
15 4 8 6  
15 4 8 7  
15 4 8 8  
15 4 8 9  
15 4 8 10  
15 4 8 11  
15 4 8 12  
15 4 8 13  
15 4 8 14  
15 4 8 15  
15 4 8 16  
15 4 8 17  
15 4 8 18  
15 4 8 19  
15 4 8 20  
15 4 8 21  
15 4 8 22  
15 4 8 23  
15 4 8 24  
15 4 8 25  
15 4 8 26  
15 4 8 27  
15 4 8 28  
15 4 8 29  
15 4 8 30  
15 4 9 1  
15 4 9 2  
15 4 9 3  
15 4 9 4  
15 4 9 5  
15 4 9 6  
15 4 9 7  
15 4 9 8  
15 4 9 9  
15 4 9 10  
15 4 9 11  
15 4 9 12  
15 4 9 13  
15 4 9 14  
15 4 9 15  
15 4 9 16  
15 4 9 17  
15 4 9 18  
15 4 9 19  
15 4 9 20  
15 4 9 21  
15 4 9 22  
15 4 9 23  
15 4 9 24  
15 4 9 25  
15 4 9 26  
15 4 9 27  
15 4 9 28  
15 4 9 29  
15 4 9 30  
15 4 10 1  
15 4 10 2  
15 4 10 3  
15 4 10 4  
15 4 10 5  
15 4 10 6  
15 4 10 7  
15 4 10 8  
15 4 10 9  
15 4 10 10  
15 4 10 11  
15 4 10 12  
15 4 10 13  
15 4 10 14  
15 4 10 15  
15 4 10 16  
15 4 10 17  
15 4 10 18  
15 4 10 19  
15 4 10 20  
15 4 10 21  
15 4 10 22  
15 4 10 23  
15 4 10 24  
15 4 10 25  
15 4 10 26  
15 4 10 27  
15 4 10 28  
15 4 10 29  
15 4 10 30  
16 4 1 1  
16 4 1 2  
16 4 1 3  
16 4 1 4  
16 4 1 5  
16 4 1 6  
16 4 1 7  
16 4 1 8  
16 4 1 9  
16 4 1 10  
16 4 1 11  
16 4 1 12  
16 4 1 13  
16 4 1 14  
16 4 1 15  
16 4 1 16  
16 4 1 17  
16 4 1 18  
16 4 1 19  
16 4 1 20  
16 4 1 21  
16 4 1 22  
16 4 1 23  
16 4 1 24  
16 4 1 25  
16 4 1 26  
16 4 1 27  
16 4 1 28  
16 4 1 29  
16 4 1 30  
16 4 2 1  
16 4 2 2  
16 4 2 3  
16 4 2 4  
16 4 2 5  
16 4 2 6  
16 4 2 7  
16 4 2 8  
16 4 2 9  
16 4 2 10  
16 4 2 11  
16 4 2 12  
16 4 2 13  
16 4 2 14  
16 4 2 15  
16 4 2 16  
16 4 2 17  
16 4 2 18  
16 4 2 19  
16 4 2 20  
16 4 2 21  
16 4 2 22  
16 4 2 23  
16 4 2 24  
16 4 2 25  
16 4 2 26  
16 4 2 27  
16 4 2 28  
16 4 2 29  
16 4 2 30  
16 4 3 1  
16 4 3 2  
16 4 3 3  
16 4 3 4  
16 4 3 5  
16 4 3 6  
16 4 3 7  
16 4 3 8  
16 4 3 9  
16 4 3 10  
16 4 3 11  
16 4 3 12  
16 4 3 13  
16 4 3 14  
16 4 3 15  
16 4 3 16  
16 4 3 17  
16 4 3 18  
16 4 3 19  
16 4 3 20  
16 4 3 21  
16 4 3 22  
16 4 3 23  
16 4 3 24  
16 4 3 25  
16 4 3 26  
16 4 3 27  
16 4 3 28  
16 4 3 29  
16 4 3 30  
16 4 4 1  
16 4 4 2  
16 4 4 3  
16 4 4 4  
16 4 4 5  
16 4 4 6  
16 4 4 7  
16 4 4 8  
16 4 4 9  
16 4 4 10  
16 4 4 11  
16 4 4 12  
16 4 4 13  
16 4 4 14  
16 4 4 15  
16 4 4 16  
16 4 4 17  
16 4 4 18  
16 4 4 19  
16 4 4 20  
16 4 4 21  
16 4 4 22  
16 4 4 23  
16 4 4 24  
16 4 4 25  
16 4 4 26  
16 4 4 27  
16 4 4 28  
16 4 4 29  
16 4 4 30  
16 4 5 1  
16 4 5 2  
16 4 5 3  
16 4 5 4  
16 4 5 5  
16 4 5 6  
16 4 5 7  
16 4 5 8  
16 4 5 9  
16 4 5 10  
16 4 5 11  
16 4 5 12  
16 4 5 13  
16 4 5 14  
16 4 5 15  
16 4 5 16  
16 4 5 17  
16 4 5 18  
16 4 5 19  
16 4 5 20  
16 4 5 21  
16 4 5 22  
16 4 5 23  
16 4 5 24  
16 4 5 25  
16 4 5 26  
16 4 5 27  
16 4 5 28  
16 4 5 29  
16 4 5 30  
16 4 6 1  
16 4 6 2  
16 4 6 3  
16 4 6 4  
16 4 6 5  
16 4 6 6  
16 4 6 7  
16 4 6 8  
16 4 6 9  
16 4 6 10  
16 4 6 11  
16 4 6 12  
16 4 6 13  
16 4 6 14  
16 4 6 15  
16 4 6 16  
16 4 6 17  
16 4 6 18  
16 4 6 19  
16 4 6 20  
16 4 6 21  
16 4 6 22  
16 4 6 23  
16 4 6 24  
16 4 6 25  
16 4 6 26  
16 4 6 27  
16 4 6 28  
16 4 6 29  
16 4 6 30  
16 4 7 1  
16 4 7 2  
16 4 7 3  
16 4 7 4  
16 4 7 5  
16 4 7 6  
16 4 7 7  
16 4 7 8  
16 4 7 9  
16 4 7 10  
16 4 7 11  
16 4 7 12  
16 4 7 13  
16 4 7 14  
16 4 7 15  
16 4 7 16  
16 4 7 17  
16 4 7 18  
16 4 7 19  
16 4 7 20  
16 4 7 21  
16 4 7 22  
16 4 7 23  
16 4 7 24  
16 4 7 25  
16 4 7 26  
16 4 7 27  
16 4 7 28  
16 4 7 29  
16 4 7 30  
16 4 8 1  
16 4 8 2  
16 4 8 3  
16 4 8 4  
16 4 8 5  
16 4 8 6  
16 4 8 7  
16 4 8 8  
16 4 8 9  
16 4 8 10  
16 4 8 11  
16 4 8 12  
16 4 8 13  
16 4 8 14  
16 4 8 15  
16 4 8 16  
16 4 8 17  
16 4 8 18  
16 4 8 19  
16 4 8 20  
16 4 8 21  
16 4 8 22  
16 4 8 23  
16 4 8 24  
16 4 8 25  
16 4 8 26  
16 4 8 27  
16 4 8 28  
16 4 8 29  
16 4 8 30  
16 4 9 1  
16 4 9 2  
16 4 9 3  
16 4 9 4  
16 4 9 5  
16 4 9 6  
16 4 9 7  
16 4 9 8  
16 4 9 9  
16 4 9 10  
16 4 9 11  
16 4 9 12  
16 4 9 13  
16 4 9 14  
16 4 9 15  
16 4 9 16  
16 4 9 17  
16 4 9 18  
16 4 9 19  
16 4 9 20  
16 4 9 21  
16 4 9 22  
16 4 9 23  
16 4 9 24  
16 4 9 25  
16 4 9 26  
16 4 9 27  
16 4 9 28  
16 4 9 29  
16 4 9 30  
16 4 10 1  
16 4 10 2  
16 4 10 3  
16 4 10 4  
16 4 10 5  
16 4 10 6  
16 4 10 7  
16 4 10 8  
16 4 10 9  
16 4 10 10  
16 4 10 11  
16 4 10 12  
16 4 10 13  
16 4 10 14  
16 4 10 15  
16 4 10 16  
16 4 10 17  
16 4 10 18  
16 4 10 19  
16 4 10 20  
16 4 10 21  
16 4 10 22  
16 4 10 23  
16 4 10 24  
16 4 10 25  
16 4 10 26  
16 4 10 27  
16 4 10 28  
16 4 10 29  
16 4 10 30  
17 4 1 1  
17 4 1 2  
17 4 1 3  
17 4 1 4  
17 4 1 5  
17 4 1 6  
17 4 1 7  
17 4 1 8  
17 4 1 9  
17 4 1 10  
17 4 1 11  
17 4 1 12  
17 4 1 13  
17 4 1 14  
17 4 1 15  
17 4 1 16  
17 4 1 17  
17 4 1 18  
17 4 1 19  
17 4 1 20  
17 4 1 21  
17 4 1 22  
17 4 1 23  
17 4 1 24  
17 4 1 25  
17 4 1 26  
17 4 1 27  
17 4 1 28  
17 4 1 29  
17 4 1 30  
17 4 2 1  
17 4 2 2  
17 4 2 3  
17 4 2 4  
17 4 2 5  
17 4 2 6  
17 4 2 7  
17 4 2 8  
17 4 2 9  
17 4 2 10  
17 4 2 11  
17 4 2 12  
17 4 2 13  
17 4 2 14  
17 4 2 15  
17 4 2 16  
17 4 2 17  
17 4 2 18  
17 4 2 19  
17 4 2 20  
17 4 2 21  
17 4 2 22  
17 4 2 23  
17 4 2 24  
17 4 2 25  
17 4 2 26  
17 4 2 27  
17 4 2 28  
17 4 2 29  
17 4 2 30  
17 4 3 1  
17 4 3 2  
17 4 3 3  
17 4 3 4  
17 4 3 5  
17 4 3 6  
17 4 3 7  
17 4 3 8  
17 4 3 9  
17 4 3 10  
17 4 3 11  
17 4 3 12  
17 4 3 13  
17 4 3 14  
17 4 3 15  
17 4 3 16  
17 4 3 17  
17 4 3 18  
17 4 3 19  
17 4 3 20  
17 4 3 21  
17 4 3 22  
17 4 3 23  
17 4 3 24  
17 4 3 25  
17 4 3 26  
17 4 3 27  
17 4 3 28  
17 4 3 29  
17 4 3 30  
17 4 4 1  
17 4 4 2  
17 4 4 3  
17 4 4 4  
17 4 4 5  
17 4 4 6  
17 4 4 7  
17 4 4 8  
17 4 4 9  
17 4 4 10  
17 4 4 11  
17 4 4 12  
17 4 4 13  
17 4 4 14  
17 4 4 15  
17 4 4 16  
17 4 4 17  
17 4 4 18  
17 4 4 19  
17 4 4 20  
17 4 4 21  
17 4 4 22  
17 4 4 23  
17 4 4 24  
17 4 4 25  
17 4 4 26  
17 4 4 27  
17 4 4 28  
17 4 4 29  
17 4 4 30  
17 4 5 1  
17 4 5 2  
17 4 5 3  
17 4 5 4  
17 4 5 5  
17 4 5 6  
17 4 5 7  
17 4 5 8  
17 4 5 9  
17 4 5 10  
17 4 5 11  
17 4 5 12  
17 4 5 13  
17 4 5 14  
17 4 5 15  
17 4 5 16  
17 4 5 17  
17 4 5 18  
17 4 5 19  
17 4 5 20  
17 4 5 21  
17 4 5 22  
17 4 5 23  
17 4 5 24  
17 4 5 25  
17 4 5 26  
17 4 5 27  
17 4 5 28  
17 4 5 29  
17 4 5 30  
17 4 6 1  
17 4 6 2  
17 4 6 3  
17 4 6 4  
17 4 6 5  
17 4 6 6  
17 4 6 7  
17 4 6 8  
17 4 6 9  
17 4 6 10  
17 4 6 11  
17 4 6 12  
17 4 6 13  
17 4 6 14  
17 4 6 15  
17 4 6 16  
17 4 6 17  
17 4 6 18  
17 4 6 19  
17 4 6 20  
17 4 6 21  
17 4 6 22  
17 4 6 23  
17 4 6 24  
17 4 6 25  
17 4 6 26  
17 4 6 27  
17 4 6 28  
17 4 6 29  
17 4 6 30  
17 4 7 1  
17 4 7 2  
17 4 7 3  
17 4 7 4  
17 4 7 5  
17 4 7 6  
17 4 7 7  
17 4 7 8  
17 4 7 9  
17 4 7 10  
17 4 7 11  
17 4 7 12  
17 4 7 13  
17 4 7 14  
17 4 7 15  
17 4 7 16  
17 4 7 17  
17 4 7 18  
17 4 7 19  
17 4 7 20  
17 4 7 21  
17 4 7 22  
17 4 7 23  
17 4 7 24  
17 4 7 25  
17 4 7 26  
17 4 7 27  
17 4 7 28  
17 4 7 29  
17 4 7 30  
17 4 8 1  
17 4 8 2  
17 4 8 3  
17 4 8 4  
17 4 8 5  
17 4 8 6  
17 4 8 7  
17 4 8 8  
17 4 8 9  
17 4 8 10  
17 4 8 11  
17 4 8 12  
17 4 8 13  
17 4 8 14  
17 4 8 15  
17 4 8 16  
17 4 8 17  
17 4 8 18  
17 4 8 19  
17 4 8 20  
17 4 8 21  
17 4 8 22  
17 4 8 23  
17 4 8 24  
17 4 8 25  
17 4 8 26  
17 4 8 27  
17 4 8 28  
17 4 8 29  
17 4 8 30  
17 4 9 1  
17 4 9 2  
17 4 9 3  
17 4 9 4  
17 4 9 5  
17 4 9 6  
17 4 9 7  
17 4 9 8  
17 4 9 9  
17 4 9 10  
17 4 9 11  
17 4 9 12  
17 4 9 13  
17 4 9 14  
17 4 9 15  
17 4 9 16  
17 4 9 17  
17 4 9 18  
17 4 9 19  
17 4 9 20  
17 4 9 21  
17 4 9 22  
17 4 9 23  
17 4 9 24  
17 4 9 25  
17 4 9 26  
17 4 9 27  
17 4 9 28  
17 4 9 29  
17 4 9 30  
17 4 10 1  
17 4 10 2  
17 4 10 3  
17 4 10 4  
17 4 10 5  
17 4 10 6  
17 4 10 7  
17 4 10 8  
17 4 10 9  
17 4 10 10  
17 4 10 11  
17 4 10 12  
17 4 10 13  
17 4 10 14  
17 4 10 15  
17 4 10 16  
17 4 10 17  
17 4 10 18  
17 4 10 19  
17 4 10 20  
17 4 10 21  
17 4 10 22  
17 4 10 23  
17 4 10 24  
17 4 10 25  
17 4 10 26  
17 4 10 27  
17 4 10 28  
17 4 10 29  
17 4 10 30  
18 4 1 1  
18 4 1 2  
18 4 1 3  
18 4 1 4  
18 4 1 5  
18 4 1 6  
18 4 1 7  
18 4 1 8  
18 4 1 9  
18 4 1 10  
18 4 1 11  
18 4 1 12  
18 4 1 13  
18 4 1 14  
18 4 1 15  
18 4 1 16  
18 4 1 17  
18 4 1 18  
18 4 1 19  
18 4 1 20  
18 4 1 21  
18 4 1 22  
18 4 1 23  
18 4 1 24  
18 4 1 25  
18 4 1 26  
18 4 1 27  
18 4 1 28  
18 4 1 29  
18 4 1 30  
18 4 2 1  
18 4 2 2  
18 4 2 3  
18 4 2 4  
18 4 2 5  
18 4 2 6  
18 4 2 7  
18 4 2 8  
18 4 2 9  
18 4 2 10  
18 4 2 11  
18 4 2 12  
18 4 2 13  
18 4 2 14  
18 4 2 15  
18 4 2 16  
18 4 2 17  
18 4 2 18  
18 4 2 19  
18 4 2 20  
18 4 2 21  
18 4 2 22  
18 4 2 23  
18 4 2 24  
18 4 2 25  
18 4 2 26  
18 4 2 27  
18 4 2 28  
18 4 2 29  
18 4 2 30  
18 4 3 1  
18 4 3 2  
18 4 3 3  
18 4 3 4  
18 4 3 5  
18 4 3 6  
18 4 3 7  
18 4 3 8  
18 4 3 9  
18 4 3 10  
18 4 3 11  
18 4 3 12  
18 4 3 13  
18 4 3 14  
18 4 3 15  
18 4 3 16  
18 4 3 17  
18 4 3 18  
18 4 3 19  
18 4 3 20  
18 4 3 21  
18 4 3 22  
18 4 3 23  
18 4 3 24  
18 4 3 25  
18 4 3 26  
18 4 3 27  
18 4 3 28  
18 4 3 29  
18 4 3 30  
18 4 4 1  
18 4 4 2  
18 4 4 3  
18 4 4 4  
18 4 4 5  
18 4 4 6  
18 4 4 7  
18 4 4 8  
18 4 4 9  
18 4 4 10  
18 4 4 11  
18 4 4 12  
18 4 4 13  
18 4 4 14  
18 4 4 15  
18 4 4 16  
18 4 4 17  
18 4 4 18  
18 4 4 19  
18 4 4 20  
18 4 4 21  
18 4 4 22  
18 4 4 23  
18 4 4 24  
18 4 4 25  
18 4 4 26  
18 4 4 27  
18 4 4 28  
18 4 4 29  
18 4 4 30  
18 4 5 1  
18 4 5 2  
18 4 5 3  
18 4 5 4  
18 4 5 5  
18 4 5 6  
18 4 5 7  
18 4 5 8  
18 4 5 9  
18 4 5 10  
18 4 5 11  
18 4 5 12  
18 4 5 13  
18 4 5 14  
18 4 5 15  
18 4 5 16  
18 4 5 17  
18 4 5 18  
18 4 5 19  
18 4 5 20  
18 4 5 21  
18 4 5 22  
18 4 5 23  
18 4 5 24  
18 4 5 25  
18 4 5 26  
18 4 5 27  
18 4 5 28  
18 4 5 29  
18 4 5 30  
18 4 6 1  
18 4 6 2  
18 4 6 3  
18 4 6 4  
18 4 6 5  
18 4 6 6  
18 4 6 7  
18 4 6 8  
18 4 6 9  
18 4 6 10  
18 4 6 11  
18 4 6 12  
18 4 6 13  
18 4 6 14  
18 4 6 15  
18 4 6 16  
18 4 6 17  
18 4 6 18  
18 4 6 19  
18 4 6 20  
18 4 6 21  
18 4 6 22  
18 4 6 23  
18 4 6 24  
18 4 6 25  
18 4 6 26  
18 4 6 27  
18 4 6 28  
18 4 6 29  
18 4 6 30  
18 4 7 1  
18 4 7 2  
18 4 7 3  
18 4 7 4  
18 4 7 5  
18 4 7 6  
18 4 7 7  
18 4 7 8  
18 4 7 9  
18 4 7 10  
18 4 7 11  
18 4 7 12  
18 4 7 13  
18 4 7 14  
18 4 7 15  
18 4 7 16  
18 4 7 17  
18 4 7 18  
18 4 7 19  
18 4 7 20  
18 4 7 21  
18 4 7 22  
18 4 7 23  
18 4 7 24  
18 4 7 25  
18 4 7 26  
18 4 7 27  
18 4 7 28  
18 4 7 29  
18 4 7 30  
18 4 8 1  
18 4 8 2  
18 4 8 3  
18 4 8 4  
18 4 8 5  
18 4 8 6  
18 4 8 7  
18 4 8 8  
18 4 8 9  
18 4 8 10  
18 4 8 11  
18 4 8 12  
18 4 8 13  
18 4 8 14  
18 4 8 15  
18 4 8 16  
18 4 8 17  
18 4 8 18  
18 4 8 19  
18 4 8 20  
18 4 8 21  
18 4 8 22  
18 4 8 23  
18 4 8 24  
18 4 8 25  
18 4 8 26  
18 4 8 27  
18 4 8 28  
18 4 8 29  
18 4 8 30  
18 4 9 1  
18 4 9 2  
18 4 9 3  
18 4 9 4  
18 4 9 5  
18 4 9 6  
18 4 9 7  
18 4 9 8  
18 4 9 9  
18 4 9 10  
18 4 9 11  
18 4 9 12  
18 4 9 13  
18 4 9 14  
18 4 9 15  
18 4 9 16  
18 4 9 17  
18 4 9 18  
18 4 9 19  
18 4 9 20  
18 4 9 21  
18 4 9 22  
18 4 9 23  
18 4 9 24  
18 4 9 25  
18 4 9 26  
18 4 9 27  
18 4 9 28  
18 4 9 29  
18 4 9 30  
18 4 10 1  
18 4 10 2  
18 4 10 3  
18 4 10 4  
18 4 10 5  
18 4 10 6  
18 4 10 7  
18 4 10 8  
18 4 10 9  
18 4 10 10  
18 4 10 11  
18 4 10 12  
18 4 10 13  
18 4 10 14  
18 4 10 15  
18 4 10 16  
18 4 10 17  
18 4 10 18  
18 4 10 19  
18 4 10 20  
18 4 10 21  
18 4 10 22  
18 4 10 23  
18 4 10 24  
18 4 10 25  
18 4 10 26  
18 4 10 27  
18 4 10 28  
18 4 10 29  
18 4 10 30  
19 4 1 1  
19 4 1 2  
19 4 1 3  
19 4 1 4  
19 4 1 5  
19 4 1 6  
19 4 1 7  
19 4 1 8  
19 4 1 9  
19 4 1 10  
19 4 1 11  
19 4 1 12  
19 4 1 13  
19 4 1 14  
19 4 1 15  
19 4 1 16  
19 4 1 17  
19 4 1 18  
19 4 1 19  
19 4 1 20  
19 4 1 21  
19 4 1 22  
19 4 1 23  
19 4 1 24  
19 4 1 25  
19 4 1 26  
19 4 1 27  
19 4 1 28  
19 4 1 29  
19 4 1 30  
19 4 2 1  
19 4 2 2  
19 4 2 3  
19 4 2 4  
19 4 2 5  
19 4 2 6  
19 4 2 7  
19 4 2 8  
19 4 2 9  
19 4 2 10  
19 4 2 11  
19 4 2 12  
19 4 2 13  
19 4 2 14  
19 4 2 15  
19 4 2 16  
19 4 2 17  
19 4 2 18  
19 4 2 19  
19 4 2 20  
19 4 2 21  
19 4 2 22  
19 4 2 23  
19 4 2 24  
19 4 2 25  
19 4 2 26  
19 4 2 27  
19 4 2 28  
19 4 2 29  
19 4 2 30  
19 4 3 1  
19 4 3 2  
19 4 3 3  
19 4 3 4  
19 4 3 5  
19 4 3 6  
19 4 3 7  
19 4 3 8  
19 4 3 9  
19 4 3 10  
19 4 3 11  
19 4 3 12  
19 4 3 13  
19 4 3 14  
19 4 3 15  
19 4 3 16  
19 4 3 17  
19 4 3 18  
19 4 3 19  
19 4 3 20  
19 4 3 21  
19 4 3 22  
19 4 3 23  
19 4 3 24  
19 4 3 25  
19 4 3 26  
19 4 3 27  
19 4 3 28  
19 4 3 29  
19 4 3 30  
19 4 4 1  
19 4 4 2  
19 4 4 3  
19 4 4 4  
19 4 4 5  
19 4 4 6  
19 4 4 7  
19 4 4 8  
19 4 4 9  
19 4 4 10  
19 4 4 11  
19 4 4 12  
19 4 4 13  
19 4 4 14  
19 4 4 15  
19 4 4 16  
19 4 4 17  
19 4 4 18  
19 4 4 19  
19 4 4 20  
19 4 4 21  
19 4 4 22  
19 4 4 23  
19 4 4 24  
19 4 4 25  
19 4 4 26  
19 4 4 27  
19 4 4 28  
19 4 4 29  
19 4 4 30  
19 4 5 1  
19 4 5 2  
19 4 5 3  
19 4 5 4  
19 4 5 5  
19 4 5 6  
19 4 5 7  
19 4 5 8  
19 4 5 9  
19 4 5 10  
19 4 5 11  
19 4 5 12  
19 4 5 13  
19 4 5 14  
19 4 5 15  
19 4 5 16  
19 4 5 17  
19 4 5 18  
19 4 5 19  
19 4 5 20  
19 4 5 21  
19 4 5 22  
19 4 5 23  
19 4 5 24  
19 4 5 25  
19 4 5 26  
19 4 5 27  
19 4 5 28  
19 4 5 29  
19 4 5 30  
19 4 6 1  
19 4 6 2  
19 4 6 3  
19 4 6 4  
19 4 6 5  
19 4 6 6  
19 4 6 7  
19 4 6 8  
19 4 6 9  
19 4 6 10  
19 4 6 11  
19 4 6 12  
19 4 6 13  
19 4 6 14  
19 4 6 15  
19 4 6 16  
19 4 6 17  
19 4 6 18  
19 4 6 19  
19 4 6 20  
19 4 6 21  
19 4 6 22  
19 4 6 23  
19 4 6 24  
19 4 6 25  
19 4 6 26  
19 4 6 27  
19 4 6 28  
19 4 6 29  
19 4 6 30  
19 4 7 1  
19 4 7 2  
19 4 7 3  
19 4 7 4  
19 4 7 5  
19 4 7 6  
19 4 7 7  
19 4 7 8  
19 4 7 9  
19 4 7 10  
19 4 7 11  
19 4 7 12  
19 4 7 13  
19 4 7 14  
19 4 7 15  
19 4 7 16  
19 4 7 17  
19 4 7 18  
19 4 7 19  
19 4 7 20  
19 4 7 21  
19 4 7 22  
19 4 7 23  
19 4 7 24  
19 4 7 25  
19 4 7 26  
19 4 7 27  
19 4 7 28  
19 4 7 29  
19 4 7 30  
19 4 8 1  
19 4 8 2  
19 4 8 3  
19 4 8 4  
19 4 8 5  
19 4 8 6  
19 4 8 7  
19 4 8 8  
19 4 8 9  
19 4 8 10  
19 4 8 11  
19 4 8 12  
19 4 8 13  
19 4 8 14  
19 4 8 15  
19 4 8 16  
19 4 8 17  
19 4 8 18  
19 4 8 19  
19 4 8 20  
19 4 8 21  
19 4 8 22  
19 4 8 23  
19 4 8 24  
19 4 8 25  
19 4 8 26  
19 4 8 27  
19 4 8 28  
19 4 8 29  
19 4 8 30  
19 4 9 1  
19 4 9 2  
19 4 9 3  
19 4 9 4  
19 4 9 5  
19 4 9 6  
19 4 9 7  
19 4 9 8  
19 4 9 9  
19 4 9 10  
19 4 9 11  
19 4 9 12  
19 4 9 13  
19 4 9 14  
19 4 9 15  
19 4 9 16  
19 4 9 17  
19 4 9 18  
19 4 9 19  
19 4 9 20  
19 4 9 21  
19 4 9 22  
19 4 9 23  
19 4 9 24  
19 4 9 25  
19 4 9 26  
19 4 9 27  
19 4 9 28  
19 4 9 29  
19 4 9 30  
19 4 10 1  
19 4 10 2  
19 4 10 3  
19 4 10 4  
19 4 10 5  
19 4 10 6  
19 4 10 7  
19 4 10 8  
19 4 10 9  
19 4 10 10  
19 4 10 11  
19 4 10 12  
19 4 10 13  
19 4 10 14  
19 4 10 15  
19 4 10 16  
19 4 10 17  
19 4 10 18  
19 4 10 19  
19 4 10 20  
19 4 10 21  
19 4 10 22  
19 4 10 23  
19 4 10 24  
19 4 10 25  
19 4 10 26  
19 4 10 27  
19 4 10 28  
19 4 10 29  
19 4 10 30  
20 4 1 1  
20 4 1 2  
20 4 1 3  
20 4 1 4  
20 4 1 5  
20 4 1 6  
20 4 1 7  
20 4 1 8  
20 4 1 9  
20 4 1 10  
20 4 1 11  
20 4 1 12  
20 4 1 13  
20 4 1 14  
20 4 1 15  
20 4 1 16  
20 4 1 17  
20 4 1 18  
20 4 1 19  
20 4 1 20  
20 4 1 21  
20 4 1 22  
20 4 1 23  
20 4 1 24  
20 4 1 25  
20 4 1 26  
20 4 1 27  
20 4 1 28  
20 4 1 29  
20 4 1 30  
20 4 2 1  
20 4 2 2  
20 4 2 3  
20 4 2 4  
20 4 2 5  
20 4 2 6  
20 4 2 7  
20 4 2 8  
20 4 2 9  
20 4 2 10  
20 4 2 11  
20 4 2 12  
20 4 2 13  
20 4 2 14  
20 4 2 15  
20 4 2 16  
20 4 2 17  
20 4 2 18  
20 4 2 19  
20 4 2 20  
20 4 2 21  
20 4 2 22  
20 4 2 23  
20 4 2 24  
20 4 2 25  
20 4 2 26  
20 4 2 27  
20 4 2 28  
20 4 2 29  
20 4 2 30  
20 4 3 1  
20 4 3 2  
20 4 3 3  
20 4 3 4  
20 4 3 5  
20 4 3 6  
20 4 3 7  
20 4 3 8  
20 4 3 9  
20 4 3 10  
20 4 3 11  
20 4 3 12  
20 4 3 13  
20 4 3 14  
20 4 3 15  
20 4 3 16  
20 4 3 17  
20 4 3 18  
20 4 3 19  
20 4 3 20  
20 4 3 21  
20 4 3 22  
20 4 3 23  
20 4 3 24  
20 4 3 25  
20 4 3 26  
20 4 3 27  
20 4 3 28  
20 4 3 29  
20 4 3 30  
20 4 4 1  
20 4 4 2  
20 4 4 3  
20 4 4 4  
20 4 4 5  
20 4 4 6  
20 4 4 7  
20 4 4 8  
20 4 4 9  
20 4 4 10  
20 4 4 11  
20 4 4 12  
20 4 4 13  
20 4 4 14  
20 4 4 15  
20 4 4 16  
20 4 4 17  
20 4 4 18  
20 4 4 19  
20 4 4 20  
20 4 4 21  
20 4 4 22  
20 4 4 23  
20 4 4 24  
20 4 4 25  
20 4 4 26  
20 4 4 27  
20 4 4 28  
20 4 4 29  
20 4 4 30  
20 4 5 1  
20 4 5 2  
20 4 5 3  
20 4 5 4  
20 4 5 5  
20 4 5 6  
20 4 5 7  
20 4 5 8  
20 4 5 9  
20 4 5 10  
20 4 5 11  
20 4 5 12  
20 4 5 13  
20 4 5 14  
20 4 5 15  
20 4 5 16  
20 4 5 17  
20 4 5 18  
20 4 5 19  
20 4 5 20  
20 4 5 21  
20 4 5 22  
20 4 5 23  
20 4 5 24  
20 4 5 25  
20 4 5 26  
20 4 5 27  
20 4 5 28  
20 4 5 29  
20 4 5 30  
20 4 6 1  
20 4 6 2  
20 4 6 3  
20 4 6 4  
20 4 6 5  
20 4 6 6  
20 4 6 7  
20 4 6 8  
20 4 6 9  
20 4 6 10  
20 4 6 11  
20 4 6 12  
20 4 6 13  
20 4 6 14  
20 4 6 15  
20 4 6 16  
20 4 6 17  
20 4 6 18  
20 4 6 19  
20 4 6 20  
20 4 6 21  
20 4 6 22  
20 4 6 23  
20 4 6 24  
20 4 6 25  
20 4 6 26  
20 4 6 27  
20 4 6 28  
20 4 6 29  
20 4 6 30  
20 4 7 1  
20 4 7 2  
20 4 7 3  
20 4 7 4  
20 4 7 5  
20 4 7 6  
20 4 7 7  
20 4 7 8  
20 4 7 9  
20 4 7 10  
20 4 7 11  
20 4 7 12  
20 4 7 13  
20 4 7 14  
20 4 7 15  
20 4 7 16  
20 4 7 17  
20 4 7 18  
20 4 7 19  
20 4 7 20  
20 4 7 21  
20 4 7 22  
20 4 7 23  
20 4 7 24  
20 4 7 25  
20 4 7 26  
20 4 7 27  
20 4 7 28  
20 4 7 29  
20 4 7 30  
20 4 8 1  
20 4 8 2  
20 4 8 3  
20 4 8 4  
20 4 8 5  
20 4 8 6  
20 4 8 7  
20 4 8 8  
20 4 8 9  
20 4 8 10  
20 4 8 11  
20 4 8 12  
20 4 8 13  
20 4 8 14  
20 4 8 15  
20 4 8 16  
20 4 8 17  
20 4 8 18  
20 4 8 19  
20 4 8 20  
20 4 8 21  
20 4 8 22  
20 4 8 23  
20 4 8 24  
20 4 8 25  
20 4 8 26  
20 4 8 27  
20 4 8 28  
20 4 8 29  
20 4 8 30  
20 4 9 1  
20 4 9 2  
20 4 9 3  
20 4 9 4  
20 4 9 5  
20 4 9 6  
20 4 9 7  
20 4 9 8  
20 4 9 9  
20 4 9 10  
20 4 9 11  
20 4 9 12  
20 4 9 13  
20 4 9 14  
20 4 9 15  
20 4 9 16  
20 4 9 17  
20 4 9 18  
20 4 9 19  
20 4 9 20  
20 4 9 21  
20 4 9 22  
20 4 9 23  
20 4 9 24  
20 4 9 25  
20 4 9 26  
20 4 9 27  
20 4 9 28  
20 4 9 29  
20 4 9 30  
20 4 10 1  
20 4 10 2  
20 4 10 3  
20 4 10 4  
20 4 10 5  
20 4 10 6  
20 4 10 7  
20 4 10 8  
20 4 10 9  
20 4 10 10  
20 4 10 11  
20 4 10 12  
20 4 10 13  
20 4 10 14  
20 4 10 15  
20 4 10 16  
20 4 10 17  
20 4 10 18  
20 4 10 19  
20 4 10 20  
20 4 10 21  
20 4 10 22  
20 4 10 23  
20 4 10 24  
20 4 10 25  
20 4 10 26  
20 4 10 27  
20 4 10 28  
20 4 10 29  
20 4 10 30  
21 4 1 1  
21 4 1 2  
21 4 1 3  
21 4 1 4  
21 4 1 5  
21 4 1 6  
21 4 1 7  
21 4 1 8  
21 4 1 9  
21 4 1 10  
21 4 1 11  
21 4 1 12  
21 4 1 13  
21 4 1 14  
21 4 1 15  
21 4 1 16  
21 4 1 17  
21 4 1 18  
21 4 1 19  
21 4 1 20  
21 4 1 21  
21 4 1 22  
21 4 1 23  
21 4 1 24  
21 4 1 25  
21 4 1 26  
21 4 1 27  
21 4 1 28  
21 4 1 29  
21 4 1 30  
21 4 2 1  
21 4 2 2  
21 4 2 3  
21 4 2 4  
21 4 2 5  
21 4 2 6  
21 4 2 7  
21 4 2 8  
21 4 2 9  
21 4 2 10  
21 4 2 11  
21 4 2 12  
21 4 2 13  
21 4 2 14  
21 4 2 15  
21 4 2 16  
21 4 2 17  
21 4 2 18  
21 4 2 19  
21 4 2 20  
21 4 2 21  
21 4 2 22  
21 4 2 23  
21 4 2 24  
21 4 2 25  
21 4 2 26  
21 4 2 27  
21 4 2 28  
21 4 2 29  
21 4 2 30  
21 4 3 1  
21 4 3 2  
21 4 3 3  
21 4 3 4  
21 4 3 5  
21 4 3 6  
21 4 3 7  
21 4 3 8  
21 4 3 9  
21 4 3 10  
21 4 3 11  
21 4 3 12  
21 4 3 13  
21 4 3 14  
21 4 3 15  
21 4 3 16  
21 4 3 17  
21 4 3 18  
21 4 3 19  
21 4 3 20  
21 4 3 21  
21 4 3 22  
21 4 3 23  
21 4 3 24  
21 4 3 25  
21 4 3 26  
21 4 3 27  
21 4 3 28  
21 4 3 29  
21 4 3 30  
21 4 4 1  
21 4 4 2  
21 4 4 3  
21 4 4 4  
21 4 4 5  
21 4 4 6  
21 4 4 7  
21 4 4 8  
21 4 4 9  
21 4 4 10  
21 4 4 11  
21 4 4 12  
21 4 4 13  
21 4 4 14  
21 4 4 15  
21 4 4 16  
21 4 4 17  
21 4 4 18  
21 4 4 19  
21 4 4 20  
21 4 4 21  
21 4 4 22  
21 4 4 23  
21 4 4 24  
21 4 4 25  
21 4 4 26  
21 4 4 27  
21 4 4 28  
21 4 4 29  
21 4 4 30  
21 4 5 1  
21 4 5 2  
21 4 5 3  
21 4 5 4  
21 4 5 5  
21 4 5 6  
21 4 5 7  
21 4 5 8  
21 4 5 9  
21 4 5 10  
21 4 5 11  
21 4 5 12  
21 4 5 13  
21 4 5 14  
21 4 5 15  
21 4 5 16  
21 4 5 17  
21 4 5 18  
21 4 5 19  
21 4 5 20  
21 4 5 21  
21 4 5 22  
21 4 5 23  
21 4 5 24  
21 4 5 25  
21 4 5 26  
21 4 5 27  
21 4 5 28  
21 4 5 29  
21 4 5 30  
21 4 6 1  
21 4 6 2  
21 4 6 3  
21 4 6 4  
21 4 6 5  
21 4 6 6  
21 4 6 7  
21 4 6 8  
21 4 6 9  
21 4 6 10  
21 4 6 11  
21 4 6 12  
21 4 6 13  
21 4 6 14  
21 4 6 15  
21 4 6 16  
21 4 6 17  
21 4 6 18  
21 4 6 19  
21 4 6 20  
21 4 6 21  
21 4 6 22  
21 4 6 23  
21 4 6 24  
21 4 6 25  
21 4 6 26  
21 4 6 27  
21 4 6 28  
21 4 6 29  
21 4 6 30  
21 4 7 1  
21 4 7 2  
21 4 7 3  
21 4 7 4  
21 4 7 5  
21 4 7 6  
21 4 7 7  
21 4 7 8  
21 4 7 9  
21 4 7 10  
21 4 7 11  
21 4 7 12  
21 4 7 13  
21 4 7 14  
21 4 7 15  
21 4 7 16  
21 4 7 17  
21 4 7 18  
21 4 7 19  
21 4 7 20  
21 4 7 21  
21 4 7 22  
21 4 7 23  
21 4 7 24  
21 4 7 25  
21 4 7 26  
21 4 7 27  
21 4 7 28  
21 4 7 29  
21 4 7 30  
21 4 8 1  
21 4 8 2  
21 4 8 3  
21 4 8 4  
21 4 8 5  
21 4 8 6  
21 4 8 7  
21 4 8 8  
21 4 8 9  
21 4 8 10  
21 4 8 11  
21 4 8 12  
21 4 8 13  
21 4 8 14  
21 4 8 15  
21 4 8 16  
21 4 8 17  
21 4 8 18  
21 4 8 19  
21 4 8 20  
21 4 8 21  
21 4 8 22  
21 4 8 23  
21 4 8 24  
21 4 8 25  
21 4 8 26  
21 4 8 27  
21 4 8 28  
21 4 8 29  
21 4 8 30  
21 4 9 1  
21 4 9 2  
21 4 9 3  
21 4 9 4  
21 4 9 5  
21 4 9 6  
21 4 9 7  
21 4 9 8  
21 4 9 9  
21 4 9 10  
21 4 9 11  
21 4 9 12  
21 4 9 13  
21 4 9 14  
21 4 9 15  
21 4 9 16  
21 4 9 17  
21 4 9 18  
21 4 9 19  
21 4 9 20  
21 4 9 21  
21 4 9 22  
21 4 9 23  
21 4 9 24  
21 4 9 25  
21 4 9 26  
21 4 9 27  
21 4 9 28  
21 4 9 29  
21 4 9 30  
21 4 10 1  
21 4 10 2  
21 4 10 3  
21 4 10 4  
21 4 10 5  
21 4 10 6  
21 4 10 7  
21 4 10 8  
21 4 10 9  
21 4 10 10  
21 4 10 11  
21 4 10 12  
21 4 10 13  
21 4 10 14  
21 4 10 15  
21 4 10 16  
21 4 10 17  
21 4 10 18  
21 4 10 19  
21 4 10 20  
21 4 10 21  
21 4 10 22  
21 4 10 23  
21 4 10 24  
21 4 10 25  
21 4 10 26  
21 4 10 27  
21 4 10 28  
21 4 10 29  
21 4 10 30  
22 4 1 1  
22 4 1 2  
22 4 1 3  
22 4 1 4  
22 4 1 5  
22 4 1 6  
22 4 1 7  
22 4 1 8  
22 4 1 9  
22 4 1 10  
22 4 1 11  
22 4 1 12  
22 4 1 13  
22 4 1 14  
22 4 1 15  
22 4 1 16  
22 4 1 17  
22 4 1 18  
22 4 1 19  
22 4 1 20  
22 4 1 21  
22 4 1 22  
22 4 1 23  
22 4 1 24  
22 4 1 25  
22 4 1 26  
22 4 1 27  
22 4 1 28  
22 4 1 29  
22 4 1 30  
22 4 2 1  
22 4 2 2  
22 4 2 3  
22 4 2 4  
22 4 2 5  
22 4 2 6  
22 4 2 7  
22 4 2 8  
22 4 2 9  
22 4 2 10  
22 4 2 11  
22 4 2 12  
22 4 2 13  
22 4 2 14  
22 4 2 15  
22 4 2 16  
22 4 2 17  
22 4 2 18  
22 4 2 19  
22 4 2 20  
22 4 2 21  
22 4 2 22  
22 4 2 23  
22 4 2 24  
22 4 2 25  
22 4 2 26  
22 4 2 27  
22 4 2 28  
22 4 2 29  
22 4 2 30  
22 4 3 1  
22 4 3 2  
22 4 3 3  
22 4 3 4  
22 4 3 5  
22 4 3 6  
22 4 3 7  
22 4 3 8  
22 4 3 9  
22 4 3 10  
22 4 3 11  
22 4 3 12  
22 4 3 13  
22 4 3 14  
22 4 3 15  
22 4 3 16  
22 4 3 17  
22 4 3 18  
22 4 3 19  
22 4 3 20  
22 4 3 21  
22 4 3 22  
22 4 3 23  
22 4 3 24  
22 4 3 25  
22 4 3 26  
22 4 3 27  
22 4 3 28  
22 4 3 29  
22 4 3 30  
22 4 4 1  
22 4 4 2  
22 4 4 3  
22 4 4 4  
22 4 4 5  
22 4 4 6  
22 4 4 7  
22 4 4 8  
22 4 4 9  
22 4 4 10  
22 4 4 11  
22 4 4 12  
22 4 4 13  
22 4 4 14  
22 4 4 15  
22 4 4 16  
22 4 4 17  
22 4 4 18  
22 4 4 19  
22 4 4 20  
22 4 4 21  
22 4 4 22  
22 4 4 23  
22 4 4 24  
22 4 4 25  
22 4 4 26  
22 4 4 27  
22 4 4 28  
22 4 4 29  
22 4 4 30  
22 4 5 1  
22 4 5 2  
22 4 5 3  
22 4 5 4  
22 4 5 5  
22 4 5 6  
22 4 5 7  
22 4 5 8  
22 4 5 9  
22 4 5 10  
22 4 5 11  
22 4 5 12  
22 4 5 13  
22 4 5 14  
22 4 5 15  
22 4 5 16  
22 4 5 17  
22 4 5 18  
22 4 5 19  
22 4 5 20  
22 4 5 21  
22 4 5 22  
22 4 5 23  
22 4 5 24  
22 4 5 25  
22 4 5 26  
22 4 5 27  
22 4 5 28  
22 4 5 29  
22 4 5 30  
22 4 6 1  
22 4 6 2  
22 4 6 3  
22 4 6 4  
22 4 6 5  
22 4 6 6  
22 4 6 7  
22 4 6 8  
22 4 6 9  
22 4 6 10  
22 4 6 11  
22 4 6 12  
22 4 6 13  
22 4 6 14  
22 4 6 15  
22 4 6 16  
22 4 6 17  
22 4 6 18  
22 4 6 19  
22 4 6 20  
22 4 6 21  
22 4 6 22  
22 4 6 23  
22 4 6 24  
22 4 6 25  
22 4 6 26  
22 4 6 27  
22 4 6 28  
22 4 6 29  
22 4 6 30  
22 4 7 1  
22 4 7 2  
22 4 7 3  
22 4 7 4  
22 4 7 5  
22 4 7 6  
22 4 7 7  
22 4 7 8  
22 4 7 9  
22 4 7 10  
22 4 7 11  
22 4 7 12  
22 4 7 13  
22 4 7 14  
22 4 7 15  
22 4 7 16  
22 4 7 17  
22 4 7 18  
22 4 7 19  
22 4 7 20  
22 4 7 21  
22 4 7 22  
22 4 7 23  
22 4 7 24  
22 4 7 25  
22 4 7 26  
22 4 7 27  
22 4 7 28  
22 4 7 29  
22 4 7 30  
22 4 8 1  
22 4 8 2  
22 4 8 3  
22 4 8 4  
22 4 8 5  
22 4 8 6  
22 4 8 7  
22 4 8 8  
22 4 8 9  
22 4 8 10  
22 4 8 11  
22 4 8 12  
22 4 8 13  
22 4 8 14  
22 4 8 15  
22 4 8 16  
22 4 8 17  
22 4 8 18  
22 4 8 19  
22 4 8 20  
22 4 8 21  
22 4 8 22  
22 4 8 23  
22 4 8 24  
22 4 8 25  
22 4 8 26  
22 4 8 27  
22 4 8 28  
22 4 8 29  
22 4 8 30  
22 4 9 1  
22 4 9 2  
22 4 9 3  
22 4 9 4  
22 4 9 5  
22 4 9 6  
22 4 9 7  
22 4 9 8  
22 4 9 9  
22 4 9 10  
22 4 9 11  
22 4 9 12  
22 4 9 13  
22 4 9 14  
22 4 9 15  
22 4 9 16  
22 4 9 17  
22 4 9 18  
22 4 9 19  
22 4 9 20  
22 4 9 21  
22 4 9 22  
22 4 9 23  
22 4 9 24  
22 4 9 25  
22 4 9 26  
22 4 9 27  
22 4 9 28  
22 4 9 29  
22 4 9 30  
22 4 10 1  
22 4 10 2  
22 4 10 3  
22 4 10 4  
22 4 10 5  
22 4 10 6  
22 4 10 7  
22 4 10 8  
22 4 10 9  
22 4 10 10  
22 4 10 11  
22 4 10 12  
22 4 10 13  
22 4 10 14  
22 4 10 15  
22 4 10 16  
22 4 10 17  
22 4 10 18  
22 4 10 19  
22 4 10 20  
22 4 10 21  
22 4 10 22  
22 4 10 23  
22 4 10 24  
22 4 10 25  
22 4 10 26  
22 4 10 27  
22 4 10 28  
22 4 10 29  
22 4 10 30  
23 4 1 1  
23 4 1 2  
23 4 1 3  
23 4 1 4  
23 4 1 5  
23 4 1 6  
23 4 1 7  
23 4 1 8  
23 4 1 9  
23 4 1 10  
23 4 1 11  
23 4 1 12  
23 4 1 13  
23 4 1 14  
23 4 1 15  
23 4 1 16  
23 4 1 17  
23 4 1 18  
23 4 1 19  
23 4 1 20  
23 4 1 21  
23 4 1 22  
23 4 1 23  
23 4 1 24  
23 4 1 25  
23 4 1 26  
23 4 1 27  
23 4 1 28  
23 4 1 29  
23 4 1 30  
23 4 2 1  
23 4 2 2  
23 4 2 3  
23 4 2 4  
23 4 2 5  
23 4 2 6  
23 4 2 7  
23 4 2 8  
23 4 2 9  
23 4 2 10  
23 4 2 11  
23 4 2 12  
23 4 2 13  
23 4 2 14  
23 4 2 15  
23 4 2 16  
23 4 2 17  
23 4 2 18  
23 4 2 19  
23 4 2 20  
23 4 2 21  
23 4 2 22  
23 4 2 23  
23 4 2 24  
23 4 2 25  
23 4 2 26  
23 4 2 27  
23 4 2 28  
23 4 2 29  
23 4 2 30  
23 4 3 1  
23 4 3 2  
23 4 3 3  
23 4 3 4  
23 4 3 5  
23 4 3 6  
23 4 3 7  
23 4 3 8  
23 4 3 9  
23 4 3 10  
23 4 3 11  
23 4 3 12  
23 4 3 13  
23 4 3 14  
23 4 3 15  
23 4 3 16  
23 4 3 17  
23 4 3 18  
23 4 3 19  
23 4 3 20  
23 4 3 21  
23 4 3 22  
23 4 3 23  
23 4 3 24  
23 4 3 25  
23 4 3 26  
23 4 3 27  
23 4 3 28  
23 4 3 29  
23 4 3 30  
23 4 4 1  
23 4 4 2  
23 4 4 3  
23 4 4 4  
23 4 4 5  
23 4 4 6  
23 4 4 7  
23 4 4 8  
23 4 4 9  
23 4 4 10  
23 4 4 11  
23 4 4 12  
23 4 4 13  
23 4 4 14  
23 4 4 15  
23 4 4 16  
23 4 4 17  
23 4 4 18  
23 4 4 19  
23 4 4 20  
23 4 4 21  
23 4 4 22  
23 4 4 23  
23 4 4 24  
23 4 4 25  
23 4 4 26  
23 4 4 27  
23 4 4 28  
23 4 4 29  
23 4 4 30  
23 4 5 1  
23 4 5 2  
23 4 5 3  
23 4 5 4  
23 4 5 5  
23 4 5 6  
23 4 5 7  
23 4 5 8  
23 4 5 9  
23 4 5 10  
23 4 5 11  
23 4 5 12  
23 4 5 13  
23 4 5 14  
23 4 5 15  
23 4 5 16  
23 4 5 17  
23 4 5 18  
23 4 5 19  
23 4 5 20  
23 4 5 21  
23 4 5 22  
23 4 5 23  
23 4 5 24  
23 4 5 25  
23 4 5 26  
23 4 5 27  
23 4 5 28  
23 4 5 29  
23 4 5 30  
23 4 6 1  
23 4 6 2  
23 4 6 3  
23 4 6 4  
23 4 6 5  
23 4 6 6  
23 4 6 7  
23 4 6 8  
23 4 6 9  
23 4 6 10  
23 4 6 11  
23 4 6 12  
23 4 6 13  
23 4 6 14  
23 4 6 15  
23 4 6 16  
23 4 6 17  
23 4 6 18  
23 4 6 19  
23 4 6 20  
23 4 6 21  
23 4 6 22  
23 4 6 23  
23 4 6 24  
23 4 6 25  
23 4 6 26  
23 4 6 27  
23 4 6 28  
23 4 6 29  
23 4 6 30  
23 4 7 1  
23 4 7 2  
23 4 7 3  
23 4 7 4  
23 4 7 5  
23 4 7 6  
23 4 7 7  
23 4 7 8  
23 4 7 9  
23 4 7 10  
23 4 7 11  
23 4 7 12  
23 4 7 13  
23 4 7 14  
23 4 7 15  
23 4 7 16  
23 4 7 17  
23 4 7 18  
23 4 7 19  
23 4 7 20  
23 4 7 21  
23 4 7 22  
23 4 7 23  
23 4 7 24  
23 4 7 25  
23 4 7 26  
23 4 7 27  
23 4 7 28  
23 4 7 29  
23 4 7 30  
23 4 8 1  
23 4 8 2  
23 4 8 3  
23 4 8 4  
23 4 8 5  
23 4 8 6  
23 4 8 7  
23 4 8 8  
23 4 8 9  
23 4 8 10  
23 4 8 11  
23 4 8 12  
23 4 8 13  
23 4 8 14  
23 4 8 15  
23 4 8 16  
23 4 8 17  
23 4 8 18  
23 4 8 19  
23 4 8 20  
23 4 8 21  
23 4 8 22  
23 4 8 23  
23 4 8 24  
23 4 8 25  
23 4 8 26  
23 4 8 27  
23 4 8 28  
23 4 8 29  
23 4 8 30  
23 4 9 1  
23 4 9 2  
23 4 9 3  
23 4 9 4  
23 4 9 5  
23 4 9 6  
23 4 9 7  
23 4 9 8  
23 4 9 9  
23 4 9 10  
23 4 9 11  
23 4 9 12  
23 4 9 13  
23 4 9 14  
23 4 9 15  
23 4 9 16  
23 4 9 17  
23 4 9 18  
23 4 9 19  
23 4 9 20  
23 4 9 21  
23 4 9 22  
23 4 9 23  
23 4 9 24  
23 4 9 25  
23 4 9 26  
23 4 9 27  
23 4 9 28  
23 4 9 29  
23 4 9 30  
23 4 10 1  
23 4 10 2  
23 4 10 3  
23 4 10 4  
23 4 10 5  
23 4 10 6  
23 4 10 7  
23 4 10 8  
23 4 10 9  
23 4 10 10  
23 4 10 11  
23 4 10 12  
23 4 10 13  
23 4 10 14  
23 4 10 15  
23 4 10 16  
23 4 10 17  
23 4 10 18  
23 4 10 19  
23 4 10 20  
23 4 10 21  
23 4 10 22  
23 4 10 23  
23 4 10 24  
23 4 10 25  
23 4 10 26  
23 4 10 27  
23 4 10 28  
23 4 10 29  
23 4 10 30  
24 4 1 1  
24 4 1 2  
24 4 1 3  
24 4 1 4  
24 4 1 5  
24 4 1 6  
24 4 1 7  
24 4 1 8  
24 4 1 9  
24 4 1 10  
24 4 1 11  
24 4 1 12  
24 4 1 13  
24 4 1 14  
24 4 1 15  
24 4 1 16  
24 4 1 17  
24 4 1 18  
24 4 1 19  
24 4 1 20  
24 4 1 21  
24 4 1 22  
24 4 1 23  
24 4 1 24  
24 4 1 25  
24 4 1 26  
24 4 1 27  
24 4 1 28  
24 4 1 29  
24 4 1 30  
24 4 2 1  
24 4 2 2  
24 4 2 3  
24 4 2 4  
24 4 2 5  
24 4 2 6  
24 4 2 7  
24 4 2 8  
24 4 2 9  
24 4 2 10  
24 4 2 11  
24 4 2 12  
24 4 2 13  
24 4 2 14  
24 4 2 15  
24 4 2 16  
24 4 2 17  
24 4 2 18  
24 4 2 19  
24 4 2 20  
24 4 2 21  
24 4 2 22  
24 4 2 23  
24 4 2 24  
24 4 2 25  
24 4 2 26  
24 4 2 27  
24 4 2 28  
24 4 2 29  
24 4 2 30  
24 4 3 1  
24 4 3 2  
24 4 3 3  
24 4 3 4  
24 4 3 5  
24 4 3 6  
24 4 3 7  
24 4 3 8  
24 4 3 9  
24 4 3 10  
24 4 3 11  
24 4 3 12  
24 4 3 13  
24 4 3 14  
24 4 3 15  
24 4 3 16  
24 4 3 17  
24 4 3 18  
24 4 3 19  
24 4 3 20  
24 4 3 21  
24 4 3 22  
24 4 3 23  
24 4 3 24  
24 4 3 25  
24 4 3 26  
24 4 3 27  
24 4 3 28  
24 4 3 29  
24 4 3 30  
24 4 4 1  
24 4 4 2  
24 4 4 3  
24 4 4 4  
24 4 4 5  
24 4 4 6  
24 4 4 7  
24 4 4 8  
24 4 4 9  
24 4 4 10  
24 4 4 11  
24 4 4 12  
24 4 4 13  
24 4 4 14  
24 4 4 15  
24 4 4 16  
24 4 4 17  
24 4 4 18  
24 4 4 19  
24 4 4 20  
24 4 4 21  
24 4 4 22  
24 4 4 23  
24 4 4 24  
24 4 4 25  
24 4 4 26  
24 4 4 27  
24 4 4 28  
24 4 4 29  
24 4 4 30  
24 4 5 1  
24 4 5 2  
24 4 5 3  
24 4 5 4  
24 4 5 5  
24 4 5 6  
24 4 5 7  
24 4 5 8  
24 4 5 9  
24 4 5 10  
24 4 5 11  
24 4 5 12  
24 4 5 13  
24 4 5 14  
24 4 5 15  
24 4 5 16  
24 4 5 17  
24 4 5 18  
24 4 5 19  
24 4 5 20  
24 4 5 21  
24 4 5 22  
24 4 5 23  
24 4 5 24  
24 4 5 25  
24 4 5 26  
24 4 5 27  
24 4 5 28  
24 4 5 29  
24 4 5 30  
24 4 6 1  
24 4 6 2  
24 4 6 3  
24 4 6 4  
24 4 6 5  
24 4 6 6  
24 4 6 7  
24 4 6 8  
24 4 6 9  
24 4 6 10  
24 4 6 11  
24 4 6 12  
24 4 6 13  
24 4 6 14  
24 4 6 15  
24 4 6 16  
24 4 6 17  
24 4 6 18  
24 4 6 19  
24 4 6 20  
24 4 6 21  
24 4 6 22  
24 4 6 23  
24 4 6 24  
24 4 6 25  
24 4 6 26  
24 4 6 27  
24 4 6 28  
24 4 6 29  
24 4 6 30  
24 4 7 1  
24 4 7 2  
24 4 7 3  
24 4 7 4  
24 4 7 5  
24 4 7 6  
24 4 7 7  
24 4 7 8  
24 4 7 9  
24 4 7 10  
24 4 7 11  
24 4 7 12  
24 4 7 13  
24 4 7 14  
24 4 7 15  
24 4 7 16  
24 4 7 17  
24 4 7 18  
24 4 7 19  
24 4 7 20  
24 4 7 21  
24 4 7 22  
24 4 7 23  
24 4 7 24  
24 4 7 25  
24 4 7 26  
24 4 7 27  
24 4 7 28  
24 4 7 29  
24 4 7 30  
24 4 8 1  
24 4 8 2  
24 4 8 3  
24 4 8 4  
24 4 8 5  
24 4 8 6  
24 4 8 7  
24 4 8 8  
24 4 8 9  
24 4 8 10  
24 4 8 11  
24 4 8 12  
24 4 8 13  
24 4 8 14  
24 4 8 15  
24 4 8 16  
24 4 8 17  
24 4 8 18  
24 4 8 19  
24 4 8 20  
24 4 8 21  
24 4 8 22  
24 4 8 23  
24 4 8 24  
24 4 8 25  
24 4 8 26  
24 4 8 27  
24 4 8 28  
24 4 8 29  
24 4 8 30  
24 4 9 1  
24 4 9 2  
24 4 9 3  
24 4 9 4  
24 4 9 5  
24 4 9 6  
24 4 9 7  
24 4 9 8  
24 4 9 9  
24 4 9 10  
24 4 9 11  
24 4 9 12  
24 4 9 13  
24 4 9 14  
24 4 9 15  
24 4 9 16  
24 4 9 17  
24 4 9 18  
24 4 9 19  
24 4 9 20  
24 4 9 21  
24 4 9 22  
24 4 9 23  
24 4 9 24  
24 4 9 25  
24 4 9 26  
24 4 9 27  
24 4 9 28  
24 4 9 29  
24 4 9 30  
24 4 10 1  
24 4 10 2  
24 4 10 3  
24 4 10 4  
24 4 10 5  
24 4 10 6  
24 4 10 7  
24 4 10 8  
24 4 10 9  
24 4 10 10  
24 4 10 11  
24 4 10 12  
24 4 10 13  
24 4 10 14  
24 4 10 15  
24 4 10 16  
24 4 10 17  
24 4 10 18  
24 4 10 19  
24 4 10 20  
24 4 10 21  
24 4 10 22  
24 4 10 23  
24 4 10 24  
24 4 10 25  
24 4 10 26  
24 4 10 27  
24 4 10 28  
24 4 10 29  
24 4 10 30  
25 4 1 1  
25 4 1 2  
25 4 1 3  
25 4 1 4  
25 4 1 5  
25 4 1 6  
25 4 1 7  
25 4 1 8  
25 4 1 9  
25 4 1 10  
25 4 1 11  
25 4 1 12  
25 4 1 13  
25 4 1 14  
25 4 1 15  
25 4 1 16  
25 4 1 17  
25 4 1 18  
25 4 1 19  
25 4 1 20  
25 4 1 21  
25 4 1 22  
25 4 1 23  
25 4 1 24  
25 4 1 25  
25 4 1 26  
25 4 1 27  
25 4 1 28  
25 4 1 29  
25 4 1 30  
25 4 2 1  
25 4 2 2  
25 4 2 3  
25 4 2 4  
25 4 2 5  
25 4 2 6  
25 4 2 7  
25 4 2 8  
25 4 2 9  
25 4 2 10  
25 4 2 11  
25 4 2 12  
25 4 2 13  
25 4 2 14  
25 4 2 15  
25 4 2 16  
25 4 2 17  
25 4 2 18  
25 4 2 19  
25 4 2 20  
25 4 2 21  
25 4 2 22  
25 4 2 23  
25 4 2 24  
25 4 2 25  
25 4 2 26  
25 4 2 27  
25 4 2 28  
25 4 2 29  
25 4 2 30  
25 4 3 1  
25 4 3 2  
25 4 3 3  
25 4 3 4  
25 4 3 5  
25 4 3 6  
25 4 3 7  
25 4 3 8  
25 4 3 9  
25 4 3 10  
25 4 3 11  
25 4 3 12  
25 4 3 13  
25 4 3 14  
25 4 3 15  
25 4 3 16  
25 4 3 17  
25 4 3 18  
25 4 3 19  
25 4 3 20  
25 4 3 21  
25 4 3 22  
25 4 3 23  
25 4 3 24  
25 4 3 25  
25 4 3 26  
25 4 3 27  
25 4 3 28  
25 4 3 29  
25 4 3 30  
25 4 4 1  
25 4 4 2  
25 4 4 3  
25 4 4 4  
25 4 4 5  
25 4 4 6  
25 4 4 7  
25 4 4 8  
25 4 4 9  
25 4 4 10  
25 4 4 11  
25 4 4 12  
25 4 4 13  
25 4 4 14  
25 4 4 15  
25 4 4 16  
25 4 4 17  
25 4 4 18  
25 4 4 19  
25 4 4 20  
25 4 4 21  
25 4 4 22  
25 4 4 23  
25 4 4 24  
25 4 4 25  
25 4 4 26  
25 4 4 27  
25 4 4 28  
25 4 4 29  
25 4 4 30  
25 4 5 1  
25 4 5 2  
25 4 5 3  
25 4 5 4  
25 4 5 5  
25 4 5 6  
25 4 5 7  
25 4 5 8  
25 4 5 9  
25 4 5 10  
25 4 5 11  
25 4 5 12  
25 4 5 13  
25 4 5 14  
25 4 5 15  
25 4 5 16  
25 4 5 17  
25 4 5 18  
25 4 5 19  
25 4 5 20  
25 4 5 21  
25 4 5 22  
25 4 5 23  
25 4 5 24  
25 4 5 25  
25 4 5 26  
25 4 5 27  
25 4 5 28  
25 4 5 29  
25 4 5 30  
25 4 6 1  
25 4 6 2  
25 4 6 3  
25 4 6 4  
25 4 6 5  
25 4 6 6  
25 4 6 7  
25 4 6 8  
25 4 6 9  
25 4 6 10  
25 4 6 11  
25 4 6 12  
25 4 6 13  
25 4 6 14  
25 4 6 15  
25 4 6 16  
25 4 6 17  
25 4 6 18  
25 4 6 19  
25 4 6 20  
25 4 6 21  
25 4 6 22  
25 4 6 23  
25 4 6 24  
25 4 6 25  
25 4 6 26  
25 4 6 27  
25 4 6 28  
25 4 6 29  
25 4 6 30  
25 4 7 1  
25 4 7 2  
25 4 7 3  
25 4 7 4  
25 4 7 5  
25 4 7 6  
25 4 7 7  
25 4 7 8  
25 4 7 9  
25 4 7 10  
25 4 7 11  
25 4 7 12  
25 4 7 13  
25 4 7 14  
25 4 7 15  
25 4 7 16  
25 4 7 17  
25 4 7 18  
25 4 7 19  
25 4 7 20  
25 4 7 21  
25 4 7 22  
25 4 7 23  
25 4 7 24  
25 4 7 25  
25 4 7 26  
25 4 7 27  
25 4 7 28  
25 4 7 29  
25 4 7 30  
25 4 8 1  
25 4 8 2  
25 4 8 3  
25 4 8 4  
25 4 8 5  
25 4 8 6  
25 4 8 7  
25 4 8 8  
25 4 8 9  
25 4 8 10  
25 4 8 11  
25 4 8 12  
25 4 8 13  
25 4 8 14  
25 4 8 15  
25 4 8 16  
25 4 8 17  
25 4 8 18  
25 4 8 19  
25 4 8 20  
25 4 8 21  
25 4 8 22  
25 4 8 23  
25 4 8 24  
25 4 8 25  
25 4 8 26  
25 4 8 27  
25 4 8 28  
25 4 8 29  
25 4 8 30  
25 4 9 1  
25 4 9 2  
25 4 9 3  
25 4 9 4  
25 4 9 5  
25 4 9 6  
25 4 9 7  
25 4 9 8  
25 4 9 9  
25 4 9 10  
25 4 9 11  
25 4 9 12  
25 4 9 13  
25 4 9 14  
25 4 9 15  
25 4 9 16  
25 4 9 17  
25 4 9 18  
25 4 9 19  
25 4 9 20  
25 4 9 21  
25 4 9 22  
25 4 9 23  
25 4 9 24  
25 4 9 25  
25 4 9 26  
25 4 9 27  
25 4 9 28  
25 4 9 29  
25 4 9 30  
25 4 10 1  
25 4 10 2  
25 4 10 3  
25 4 10 4  
25 4 10 5  
25 4 10 6  
25 4 10 7  
25 4 10 8  
25 4 10 9  
25 4 10 10  
25 4 10 11  
25 4 10 12  
25 4 10 13  
25 4 10 14  
25 4 10 15  
25 4 10 16  
25 4 10 17  
25 4 10 18  
25 4 10 19  
25 4 10 20  
25 4 10 21  
25 4 10 22  
25 4 10 23  
25 4 10 24  
25 4 10 25  
25 4 10 26  
25 4 10 27  
25 4 10 28  
25 4 10 29  
25 4 10 30  
26 4 1 1  
26 4 1 2  
26 4 1 3  
26 4 1 4  
26 4 1 5  
26 4 1 6  
26 4 1 7  
26 4 1 8  
26 4 1 9  
26 4 1 10  
26 4 1 11  
26 4 1 12  
26 4 1 13  
26 4 1 14  
26 4 1 15  
26 4 1 16  
26 4 1 17  
26 4 1 18  
26 4 1 19  
26 4 1 20  
26 4 1 21  
26 4 1 22  
26 4 1 23  
26 4 1 24  
26 4 1 25  
26 4 1 26  
26 4 1 27  
26 4 1 28  
26 4 1 29  
26 4 1 30  
26 4 2 1  
26 4 2 2  
26 4 2 3  
26 4 2 4  
26 4 2 5  
26 4 2 6  
26 4 2 7  
26 4 2 8  
26 4 2 9  
26 4 2 10  
26 4 2 11  
26 4 2 12  
26 4 2 13  
26 4 2 14  
26 4 2 15  
26 4 2 16  
26 4 2 17  
26 4 2 18  
26 4 2 19  
26 4 2 20  
26 4 2 21  
26 4 2 22  
26 4 2 23  
26 4 2 24  
26 4 2 25  
26 4 2 26  
26 4 2 27  
26 4 2 28  
26 4 2 29  
26 4 2 30  
26 4 3 1  
26 4 3 2  
26 4 3 3  
26 4 3 4  
26 4 3 5  
26 4 3 6  
26 4 3 7  
26 4 3 8  
26 4 3 9  
26 4 3 10  
26 4 3 11  
26 4 3 12  
26 4 3 13  
26 4 3 14  
26 4 3 15  
26 4 3 16  
26 4 3 17  
26 4 3 18  
26 4 3 19  
26 4 3 20  
26 4 3 21  
26 4 3 22  
26 4 3 23  
26 4 3 24  
26 4 3 25  
26 4 3 26  
26 4 3 27  
26 4 3 28  
26 4 3 29  
26 4 3 30  
26 4 4 1  
26 4 4 2  
26 4 4 3  
26 4 4 4  
26 4 4 5  
26 4 4 6  
26 4 4 7  
26 4 4 8  
26 4 4 9  
26 4 4 10  
26 4 4 11  
26 4 4 12  
26 4 4 13  
26 4 4 14  
26 4 4 15  
26 4 4 16  
26 4 4 17  
26 4 4 18  
26 4 4 19  
26 4 4 20  
26 4 4 21  
26 4 4 22  
26 4 4 23  
26 4 4 24  
26 4 4 25  
26 4 4 26  
26 4 4 27  
26 4 4 28  
26 4 4 29  
26 4 4 30  
26 4 5 1  
26 4 5 2  
26 4 5 3  
26 4 5 4  
26 4 5 5  
26 4 5 6  
26 4 5 7  
26 4 5 8  
26 4 5 9  
26 4 5 10  
26 4 5 11  
26 4 5 12  
26 4 5 13  
26 4 5 14  
26 4 5 15  
26 4 5 16  
26 4 5 17  
26 4 5 18  
26 4 5 19  
26 4 5 20  
26 4 5 21  
26 4 5 22  
26 4 5 23  
26 4 5 24  
26 4 5 25  
26 4 5 26  
26 4 5 27  
26 4 5 28  
26 4 5 29  
26 4 5 30  
26 4 6 1  
26 4 6 2  
26 4 6 3  
26 4 6 4  
26 4 6 5  
26 4 6 6  
26 4 6 7  
26 4 6 8  
26 4 6 9  
26 4 6 10  
26 4 6 11  
26 4 6 12  
26 4 6 13  
26 4 6 14  
26 4 6 15  
26 4 6 16  
26 4 6 17  
26 4 6 18  
26 4 6 19  
26 4 6 20  
26 4 6 21  
26 4 6 22  
26 4 6 23  
26 4 6 24  
26 4 6 25  
26 4 6 26  
26 4 6 27  
26 4 6 28  
26 4 6 29  
26 4 6 30  
26 4 7 1  
26 4 7 2  
26 4 7 3  
26 4 7 4  
26 4 7 5  
26 4 7 6  
26 4 7 7  
26 4 7 8  
26 4 7 9  
26 4 7 10  
26 4 7 11  
26 4 7 12  
26 4 7 13  
26 4 7 14  
26 4 7 15  
26 4 7 16  
26 4 7 17  
26 4 7 18  
26 4 7 19  
26 4 7 20  
26 4 7 21  
26 4 7 22  
26 4 7 23  
26 4 7 24  
26 4 7 25  
26 4 7 26  
26 4 7 27  
26 4 7 28  
26 4 7 29  
26 4 7 30  
26 4 8 1  
26 4 8 2  
26 4 8 3  
26 4 8 4  
26 4 8 5  
26 4 8 6  
26 4 8 7  
26 4 8 8  
26 4 8 9  
26 4 8 10  
26 4 8 11  
26 4 8 12  
26 4 8 13  
26 4 8 14  
26 4 8 15  
26 4 8 16  
26 4 8 17  
26 4 8 18  
26 4 8 19  
26 4 8 20  
26 4 8 21  
26 4 8 22  
26 4 8 23  
26 4 8 24  
26 4 8 25  
26 4 8 26  
26 4 8 27  
26 4 8 28  
26 4 8 29  
26 4 8 30  
26 4 9 1  
26 4 9 2  
26 4 9 3  
26 4 9 4  
26 4 9 5  
26 4 9 6  
26 4 9 7  
26 4 9 8  
26 4 9 9  
26 4 9 10  
26 4 9 11  
26 4 9 12  
26 4 9 13  
26 4 9 14  
26 4 9 15  
26 4 9 16  
26 4 9 17  
26 4 9 18  
26 4 9 19  
26 4 9 20  
26 4 9 21  
26 4 9 22  
26 4 9 23  
26 4 9 24  
26 4 9 25  
26 4 9 26  
26 4 9 27  
26 4 9 28  
26 4 9 29  
26 4 9 30  
26 4 10 1  
26 4 10 2  
26 4 10 3  
26 4 10 4  
26 4 10 5  
26 4 10 6  
26 4 10 7  
26 4 10 8  
26 4 10 9  
26 4 10 10  
26 4 10 11  
26 4 10 12  
26 4 10 13  
26 4 10 14  
26 4 10 15  
26 4 10 16  
26 4 10 17  
26 4 10 18  
26 4 10 19  
26 4 10 20  
26 4 10 21  
26 4 10 22  
26 4 10 23  
26 4 10 24  
26 4 10 25  
26 4 10 26  
26 4 10 27  
26 4 10 28  
26 4 10 29  
26 4 10 30  
27 4 1 1  
27 4 1 2  
27 4 1 3  
27 4 1 4  
27 4 1 5  
27 4 1 6  
27 4 1 7  
27 4 1 8  
27 4 1 9  
27 4 1 10  
27 4 1 11  
27 4 1 12  
27 4 1 13  
27 4 1 14  
27 4 1 15  
27 4 1 16  
27 4 1 17  
27 4 1 18  
27 4 1 19  
27 4 1 20  
27 4 1 21  
27 4 1 22  
27 4 1 23  
27 4 1 24  
27 4 1 25  
27 4 1 26  
27 4 1 27  
27 4 1 28  
27 4 1 29  
27 4 1 30  
27 4 2 1  
27 4 2 2  
27 4 2 3  
27 4 2 4  
27 4 2 5  
27 4 2 6  
27 4 2 7  
27 4 2 8  
27 4 2 9  
27 4 2 10  
27 4 2 11  
27 4 2 12  
27 4 2 13  
27 4 2 14  
27 4 2 15  
27 4 2 16  
27 4 2 17  
27 4 2 18  
27 4 2 19  
27 4 2 20  
27 4 2 21  
27 4 2 22  
27 4 2 23  
27 4 2 24  
27 4 2 25  
27 4 2 26  
27 4 2 27  
27 4 2 28  
27 4 2 29  
27 4 2 30  
27 4 3 1  
27 4 3 2  
27 4 3 3  
27 4 3 4  
27 4 3 5  
27 4 3 6  
27 4 3 7  
27 4 3 8  
27 4 3 9  
27 4 3 10  
27 4 3 11  
27 4 3 12  
27 4 3 13  
27 4 3 14  
27 4 3 15  
27 4 3 16  
27 4 3 17  
27 4 3 18  
27 4 3 19  
27 4 3 20  
27 4 3 21  
27 4 3 22  
27 4 3 23  
27 4 3 24  
27 4 3 25  
27 4 3 26  
27 4 3 27  
27 4 3 28  
27 4 3 29  
27 4 3 30  
27 4 4 1  
27 4 4 2  
27 4 4 3  
27 4 4 4  
27 4 4 5  
27 4 4 6  
27 4 4 7  
27 4 4 8  
27 4 4 9  
27 4 4 10  
27 4 4 11  
27 4 4 12  
27 4 4 13  
27 4 4 14  
27 4 4 15  
27 4 4 16  
27 4 4 17  
27 4 4 18  
27 4 4 19  
27 4 4 20  
27 4 4 21  
27 4 4 22  
27 4 4 23  
27 4 4 24  
27 4 4 25  
27 4 4 26  
27 4 4 27  
27 4 4 28  
27 4 4 29  
27 4 4 30  
27 4 5 1  
27 4 5 2  
27 4 5 3  
27 4 5 4  
27 4 5 5  
27 4 5 6  
27 4 5 7  
27 4 5 8  
27 4 5 9  
27 4 5 10  
27 4 5 11  
27 4 5 12  
27 4 5 13  
27 4 5 14  
27 4 5 15  
27 4 5 16  
27 4 5 17  
27 4 5 18  
27 4 5 19  
27 4 5 20  
27 4 5 21  
27 4 5 22  
27 4 5 23  
27 4 5 24  
27 4 5 25  
27 4 5 26  
27 4 5 27  
27 4 5 28  
27 4 5 29  
27 4 5 30  
27 4 6 1  
27 4 6 2  
27 4 6 3  
27 4 6 4  
27 4 6 5  
27 4 6 6  
27 4 6 7  
27 4 6 8  
27 4 6 9  
27 4 6 10  
27 4 6 11  
27 4 6 12  
27 4 6 13  
27 4 6 14  
27 4 6 15  
27 4 6 16  
27 4 6 17  
27 4 6 18  
27 4 6 19  
27 4 6 20  
27 4 6 21  
27 4 6 22  
27 4 6 23  
27 4 6 24  
27 4 6 25  
27 4 6 26  
27 4 6 27  
27 4 6 28  
27 4 6 29  
27 4 6 30  
27 4 7 1  
27 4 7 2  
27 4 7 3  
27 4 7 4  
27 4 7 5  
27 4 7 6  
27 4 7 7  
27 4 7 8  
27 4 7 9  
27 4 7 10  
27 4 7 11  
27 4 7 12  
27 4 7 13  
27 4 7 14  
27 4 7 15  
27 4 7 16  
27 4 7 17  
27 4 7 18  
27 4 7 19  
27 4 7 20  
27 4 7 21  
27 4 7 22  
27 4 7 23  
27 4 7 24  
27 4 7 25  
27 4 7 26  
27 4 7 27  
27 4 7 28  
27 4 7 29  
27 4 7 30  
27 4 8 1  
27 4 8 2  
27 4 8 3  
27 4 8 4  
27 4 8 5  
27 4 8 6  
27 4 8 7  
27 4 8 8  
27 4 8 9  
27 4 8 10  
27 4 8 11  
27 4 8 12  
27 4 8 13  
27 4 8 14  
27 4 8 15  
27 4 8 16  
27 4 8 17  
27 4 8 18  
27 4 8 19  
27 4 8 20  
27 4 8 21  
27 4 8 22  
27 4 8 23  
27 4 8 24  
27 4 8 25  
27 4 8 26  
27 4 8 27  
27 4 8 28  
27 4 8 29  
27 4 8 30  
27 4 9 1  
27 4 9 2  
27 4 9 3  
27 4 9 4  
27 4 9 5  
27 4 9 6  
27 4 9 7  
27 4 9 8  
27 4 9 9  
27 4 9 10  
27 4 9 11  
27 4 9 12  
27 4 9 13  
27 4 9 14  
27 4 9 15  
27 4 9 16  
27 4 9 17  
27 4 9 18  
27 4 9 19  
27 4 9 20  
27 4 9 21  
27 4 9 22  
27 4 9 23  
27 4 9 24  
27 4 9 25  
27 4 9 26  
27 4 9 27  
27 4 9 28  
27 4 9 29  
27 4 9 30  
27 4 10 1  
27 4 10 2  
27 4 10 3  
27 4 10 4  
27 4 10 5  
27 4 10 6  
27 4 10 7  
27 4 10 8  
27 4 10 9  
27 4 10 10  
27 4 10 11  
27 4 10 12  
27 4 10 13  
27 4 10 14  
27 4 10 15  
27 4 10 16  
27 4 10 17  
27 4 10 18  
27 4 10 19  
27 4 10 20  
27 4 10 21  
27 4 10 22  
27 4 10 23  
27 4 10 24  
27 4 10 25  
27 4 10 26  
27 4 10 27  
27 4 10 28  
27 4 10 29  
27 4 10 30  
28 4 1 1  
28 4 1 2  
28 4 1 3  
28 4 1 4  
28 4 1 5  
28 4 1 6  
28 4 1 7  
28 4 1 8  
28 4 1 9  
28 4 1 10  
28 4 1 11  
28 4 1 12  
28 4 1 13  
28 4 1 14  
28 4 1 15  
28 4 1 16  
28 4 1 17  
28 4 1 18  
28 4 1 19  
28 4 1 20  
28 4 1 21  
28 4 1 22  
28 4 1 23  
28 4 1 24  
28 4 1 25  
28 4 1 26  
28 4 1 27  
28 4 1 28  
28 4 1 29  
28 4 1 30  
28 4 2 1  
28 4 2 2  
28 4 2 3  
28 4 2 4  
28 4 2 5  
28 4 2 6  
28 4 2 7  
28 4 2 8  
28 4 2 9  
28 4 2 10  
28 4 2 11  
28 4 2 12  
28 4 2 13  
28 4 2 14  
28 4 2 15  
28 4 2 16  
28 4 2 17  
28 4 2 18  
28 4 2 19  
28 4 2 20  
28 4 2 21  
28 4 2 22  
28 4 2 23  
28 4 2 24  
28 4 2 25  
28 4 2 26  
28 4 2 27  
28 4 2 28  
28 4 2 29  
28 4 2 30  
28 4 3 1  
28 4 3 2  
28 4 3 3  
28 4 3 4  
28 4 3 5  
28 4 3 6  
28 4 3 7  
28 4 3 8  
28 4 3 9  
28 4 3 10  
28 4 3 11  
28 4 3 12  
28 4 3 13  
28 4 3 14  
28 4 3 15  
28 4 3 16  
28 4 3 17  
28 4 3 18  
28 4 3 19  
28 4 3 20  
28 4 3 21  
28 4 3 22  
28 4 3 23  
28 4 3 24  
28 4 3 25  
28 4 3 26  
28 4 3 27  
28 4 3 28  
28 4 3 29  
28 4 3 30  
28 4 4 1  
28 4 4 2  
28 4 4 3  
28 4 4 4  
28 4 4 5  
28 4 4 6  
28 4 4 7  
28 4 4 8  
28 4 4 9  
28 4 4 10  
28 4 4 11  
28 4 4 12  
28 4 4 13  
28 4 4 14  
28 4 4 15  
28 4 4 16  
28 4 4 17  
28 4 4 18  
28 4 4 19  
28 4 4 20  
28 4 4 21  
28 4 4 22  
28 4 4 23  
28 4 4 24  
28 4 4 25  
28 4 4 26  
28 4 4 27  
28 4 4 28  
28 4 4 29  
28 4 4 30  
28 4 5 1  
28 4 5 2  
28 4 5 3  
28 4 5 4  
28 4 5 5  
28 4 5 6  
28 4 5 7  
28 4 5 8  
28 4 5 9  
28 4 5 10  
28 4 5 11  
28 4 5 12  
28 4 5 13  
28 4 5 14  
28 4 5 15  
28 4 5 16  
28 4 5 17  
28 4 5 18  
28 4 5 19  
28 4 5 20  
28 4 5 21  
28 4 5 22  
28 4 5 23  
28 4 5 24  
28 4 5 25  
28 4 5 26  
28 4 5 27  
28 4 5 28  
28 4 5 29  
28 4 5 30  
28 4 6 1  
28 4 6 2  
28 4 6 3  
28 4 6 4  
28 4 6 5  
28 4 6 6  
28 4 6 7  
28 4 6 8  
28 4 6 9  
28 4 6 10  
28 4 6 11  
28 4 6 12  
28 4 6 13  
28 4 6 14  
28 4 6 15  
28 4 6 16  
28 4 6 17  
28 4 6 18  
28 4 6 19  
28 4 6 20  
28 4 6 21  
28 4 6 22  
28 4 6 23  
28 4 6 24  
28 4 6 25  
28 4 6 26  
28 4 6 27  
28 4 6 28  
28 4 6 29  
28 4 6 30  
28 4 7 1  
28 4 7 2  
28 4 7 3  
28 4 7 4  
28 4 7 5  
28 4 7 6  
28 4 7 7  
28 4 7 8  
28 4 7 9  
28 4 7 10  
28 4 7 11  
28 4 7 12  
28 4 7 13  
28 4 7 14  
28 4 7 15  
28 4 7 16  
28 4 7 17  
28 4 7 18  
28 4 7 19  
28 4 7 20  
28 4 7 21  
28 4 7 22  
28 4 7 23  
28 4 7 24  
28 4 7 25  
28 4 7 26  
28 4 7 27  
28 4 7 28  
28 4 7 29  
28 4 7 30  
28 4 8 1  
28 4 8 2  
28 4 8 3  
28 4 8 4  
28 4 8 5  
28 4 8 6  
28 4 8 7  
28 4 8 8  
28 4 8 9  
28 4 8 10  
28 4 8 11  
28 4 8 12  
28 4 8 13  
28 4 8 14  
28 4 8 15  
28 4 8 16  
28 4 8 17  
28 4 8 18  
28 4 8 19  
28 4 8 20  
28 4 8 21  
28 4 8 22  
28 4 8 23  
28 4 8 24  
28 4 8 25  
28 4 8 26  
28 4 8 27  
28 4 8 28  
28 4 8 29  
28 4 8 30  
28 4 9 1  
28 4 9 2  
28 4 9 3  
28 4 9 4  
28 4 9 5  
28 4 9 6  
28 4 9 7  
28 4 9 8  
28 4 9 9  
28 4 9 10  
28 4 9 11  
28 4 9 12  
28 4 9 13  
28 4 9 14  
28 4 9 15  
28 4 9 16  
28 4 9 17  
28 4 9 18  
28 4 9 19  
28 4 9 20  
28 4 9 21  
28 4 9 22  
28 4 9 23  
28 4 9 24  
28 4 9 25  
28 4 9 26  
28 4 9 27  
28 4 9 28  
28 4 9 29  
28 4 9 30  
28 4 10 1  
28 4 10 2  
28 4 10 3  
28 4 10 4  
28 4 10 5  
28 4 10 6  
28 4 10 7  
28 4 10 8  
28 4 10 9  
28 4 10 10  
28 4 10 11  
28 4 10 12  
28 4 10 13  
28 4 10 14  
28 4 10 15  
28 4 10 16  
28 4 10 17  
28 4 10 18  
28 4 10 19  
28 4 10 20  
28 4 10 21  
28 4 10 22  
28 4 10 23  
28 4 10 24  
28 4 10 25  
28 4 10 26  
28 4 10 27  
28 4 10 28  
28 4 10 29  
28 4 10 30  
29 4 1 1  
29 4 1 2  
29 4 1 3  
29 4 1 4  
29 4 1 5  
29 4 1 6  
29 4 1 7  
29 4 1 8  
29 4 1 9  
29 4 1 10  
29 4 1 11  
29 4 1 12  
29 4 1 13  
29 4 1 14  
29 4 1 15  
29 4 1 16  
29 4 1 17  
29 4 1 18  
29 4 1 19  
29 4 1 20  
29 4 1 21  
29 4 1 22  
29 4 1 23  
29 4 1 24  
29 4 1 25  
29 4 1 26  
29 4 1 27  
29 4 1 28  
29 4 1 29  
29 4 1 30  
29 4 2 1  
29 4 2 2  
29 4 2 3  
29 4 2 4  
29 4 2 5  
29 4 2 6  
29 4 2 7  
29 4 2 8  
29 4 2 9  
29 4 2 10  
29 4 2 11  
29 4 2 12  
29 4 2 13  
29 4 2 14  
29 4 2 15  
29 4 2 16  
29 4 2 17  
29 4 2 18  
29 4 2 19  
29 4 2 20  
29 4 2 21  
29 4 2 22  
29 4 2 23  
29 4 2 24  
29 4 2 25  
29 4 2 26  
29 4 2 27  
29 4 2 28  
29 4 2 29  
29 4 2 30  
29 4 3 1  
29 4 3 2  
29 4 3 3  
29 4 3 4  
29 4 3 5  
29 4 3 6  
29 4 3 7  
29 4 3 8  
29 4 3 9  
29 4 3 10  
29 4 3 11  
29 4 3 12  
29 4 3 13  
29 4 3 14  
29 4 3 15  
29 4 3 16  
29 4 3 17  
29 4 3 18  
29 4 3 19  
29 4 3 20  
29 4 3 21  
29 4 3 22  
29 4 3 23  
29 4 3 24  
29 4 3 25  
29 4 3 26  
29 4 3 27  
29 4 3 28  
29 4 3 29  
29 4 3 30  
29 4 4 1  
29 4 4 2  
29 4 4 3  
29 4 4 4  
29 4 4 5  
29 4 4 6  
29 4 4 7  
29 4 4 8  
29 4 4 9  
29 4 4 10  
29 4 4 11  
29 4 4 12  
29 4 4 13  
29 4 4 14  
29 4 4 15  
29 4 4 16  
29 4 4 17  
29 4 4 18  
29 4 4 19  
29 4 4 20  
29 4 4 21  
29 4 4 22  
29 4 4 23  
29 4 4 24  
29 4 4 25  
29 4 4 26  
29 4 4 27  
29 4 4 28  
29 4 4 29  
29 4 4 30  
29 4 5 1  
29 4 5 2  
29 4 5 3  
29 4 5 4  
29 4 5 5  
29 4 5 6  
29 4 5 7  
29 4 5 8  
29 4 5 9  
29 4 5 10  
29 4 5 11  
29 4 5 12  
29 4 5 13  
29 4 5 14  
29 4 5 15  
29 4 5 16  
29 4 5 17  
29 4 5 18  
29 4 5 19  
29 4 5 20  
29 4 5 21  
29 4 5 22  
29 4 5 23  
29 4 5 24  
29 4 5 25  
29 4 5 26  
29 4 5 27  
29 4 5 28  
29 4 5 29  
29 4 5 30  
29 4 6 1  
29 4 6 2  
29 4 6 3  
29 4 6 4  
29 4 6 5  
29 4 6 6  
29 4 6 7  
29 4 6 8  
29 4 6 9  
29 4 6 10  
29 4 6 11  
29 4 6 12  
29 4 6 13  
29 4 6 14  
29 4 6 15  
29 4 6 16  
29 4 6 17  
29 4 6 18  
29 4 6 19  
29 4 6 20  
29 4 6 21  
29 4 6 22  
29 4 6 23  
29 4 6 24  
29 4 6 25  
29 4 6 26  
29 4 6 27  
29 4 6 28  
29 4 6 29  
29 4 6 30  
29 4 7 1  
29 4 7 2  
29 4 7 3  
29 4 7 4  
29 4 7 5  
29 4 7 6  
29 4 7 7  
29 4 7 8  
29 4 7 9  
29 4 7 10  
29 4 7 11  
29 4 7 12  
29 4 7 13  
29 4 7 14  
29 4 7 15  
29 4 7 16  
29 4 7 17  
29 4 7 18  
29 4 7 19  
29 4 7 20  
29 4 7 21  
29 4 7 22  
29 4 7 23  
29 4 7 24  
29 4 7 25  
29 4 7 26  
29 4 7 27  
29 4 7 28  
29 4 7 29  
29 4 7 30  
29 4 8 1  
29 4 8 2  
29 4 8 3  
29 4 8 4  
29 4 8 5  
29 4 8 6  
29 4 8 7  
29 4 8 8  
29 4 8 9  
29 4 8 10  
29 4 8 11  
29 4 8 12  
29 4 8 13  
29 4 8 14  
29 4 8 15  
29 4 8 16  
29 4 8 17  
29 4 8 18  
29 4 8 19  
29 4 8 20  
29 4 8 21  
29 4 8 22  
29 4 8 23  
29 4 8 24  
29 4 8 25  
29 4 8 26  
29 4 8 27  
29 4 8 28  
29 4 8 29  
29 4 8 30  
29 4 9 1  
29 4 9 2  
29 4 9 3  
29 4 9 4  
29 4 9 5  
29 4 9 6  
29 4 9 7  
29 4 9 8  
29 4 9 9  
29 4 9 10  
29 4 9 11  
29 4 9 12  
29 4 9 13  
29 4 9 14  
29 4 9 15  
29 4 9 16  
29 4 9 17  
29 4 9 18  
29 4 9 19  
29 4 9 20  
29 4 9 21  
29 4 9 22  
29 4 9 23  
29 4 9 24  
29 4 9 25  
29 4 9 26  
29 4 9 27  
29 4 9 28  
29 4 9 29  
29 4 9 30  
29 4 10 1  
29 4 10 2  
29 4 10 3  
29 4 10 4  
29 4 10 5  
29 4 10 6  
29 4 10 7  
29 4 10 8  
29 4 10 9  
29 4 10 10  
29 4 10 11  
29 4 10 12  
29 4 10 13  
29 4 10 14  
29 4 10 15  
29 4 10 16  
29 4 10 17  
29 4 10 18  
29 4 10 19  
29 4 10 20  
29 4 10 21  
29 4 10 22  
29 4 10 23  
29 4 10 24  
29 4 10 25  
29 4 10 26  
29 4 10 27  
29 4 10 28  
29 4 10 29  
29 4 10 30  
30 4 1 1  
30 4 1 2  
30 4 1 3  
30 4 1 4  
30 4 1 5  
30 4 1 6  
30 4 1 7  
30 4 1 8  
30 4 1 9  
30 4 1 10  
30 4 1 11  
30 4 1 12  
30 4 1 13  
30 4 1 14  
30 4 1 15  
30 4 1 16  
30 4 1 17  
30 4 1 18  
30 4 1 19  
30 4 1 20  
30 4 1 21  
30 4 1 22  
30 4 1 23  
30 4 1 24  
30 4 1 25  
30 4 1 26  
30 4 1 27  
30 4 1 28  
30 4 1 29  
30 4 1 30  
30 4 2 1  
30 4 2 2  
30 4 2 3  
30 4 2 4  
30 4 2 5  
30 4 2 6  
30 4 2 7  
30 4 2 8  
30 4 2 9  
30 4 2 10  
30 4 2 11  
30 4 2 12  
30 4 2 13  
30 4 2 14  
30 4 2 15  
30 4 2 16  
30 4 2 17  
30 4 2 18  
30 4 2 19  
30 4 2 20  
30 4 2 21  
30 4 2 22  
30 4 2 23  
30 4 2 24  
30 4 2 25  
30 4 2 26  
30 4 2 27  
30 4 2 28  
30 4 2 29  
30 4 2 30  
30 4 3 1  
30 4 3 2  
30 4 3 3  
30 4 3 4  
30 4 3 5  
30 4 3 6  
30 4 3 7  
30 4 3 8  
30 4 3 9  
30 4 3 10  
30 4 3 11  
30 4 3 12  
30 4 3 13  
30 4 3 14  
30 4 3 15  
30 4 3 16  
30 4 3 17  
30 4 3 18  
30 4 3 19  
30 4 3 20  
30 4 3 21  
30 4 3 22  
30 4 3 23  
30 4 3 24  
30 4 3 25  
30 4 3 26  
30 4 3 27  
30 4 3 28  
30 4 3 29  
30 4 3 30  
30 4 4 1  
30 4 4 2  
30 4 4 3  
30 4 4 4  
30 4 4 5  
30 4 4 6  
30 4 4 7  
30 4 4 8  
30 4 4 9  
30 4 4 10  
30 4 4 11  
30 4 4 12  
30 4 4 13  
30 4 4 14  
30 4 4 15  
30 4 4 16  
30 4 4 17  
30 4 4 18  
30 4 4 19  
30 4 4 20  
30 4 4 21  
30 4 4 22  
30 4 4 23  
30 4 4 24  
30 4 4 25  
30 4 4 26  
30 4 4 27  
30 4 4 28  
30 4 4 29  
30 4 4 30  
30 4 5 1  
30 4 5 2  
30 4 5 3  
30 4 5 4  
30 4 5 5  
30 4 5 6  
30 4 5 7  
30 4 5 8  
30 4 5 9  
30 4 5 10  
30 4 5 11  
30 4 5 12  
30 4 5 13  
30 4 5 14  
30 4 5 15  
30 4 5 16  
30 4 5 17  
30 4 5 18  
30 4 5 19  
30 4 5 20  
30 4 5 21  
30 4 5 22  
30 4 5 23  
30 4 5 24  
30 4 5 25  
30 4 5 26  
30 4 5 27  
30 4 5 28  
30 4 5 29  
30 4 5 30  
30 4 6 1  
30 4 6 2  
30 4 6 3  
30 4 6 4  
30 4 6 5  
30 4 6 6  
30 4 6 7  
30 4 6 8  
30 4 6 9  
30 4 6 10  
30 4 6 11  
30 4 6 12  
30 4 6 13  
30 4 6 14  
30 4 6 15  
30 4 6 16  
30 4 6 17  
30 4 6 18  
30 4 6 19  
30 4 6 20  
30 4 6 21  
30 4 6 22  
30 4 6 23  
30 4 6 24  
30 4 6 25  
30 4 6 26  
30 4 6 27  
30 4 6 28  
30 4 6 29  
30 4 6 30  
30 4 7 1  
30 4 7 2  
30 4 7 3  
30 4 7 4  
30 4 7 5  
30 4 7 6  
30 4 7 7  
30 4 7 8  
30 4 7 9  
30 4 7 10  
30 4 7 11  
30 4 7 12  
30 4 7 13  
30 4 7 14  
30 4 7 15  
30 4 7 16  
30 4 7 17  
30 4 7 18  
30 4 7 19  
30 4 7 20  
30 4 7 21  
30 4 7 22  
30 4 7 23  
30 4 7 24  
30 4 7 25  
30 4 7 26  
30 4 7 27  
30 4 7 28  
30 4 7 29  
30 4 7 30  
30 4 8 1  
30 4 8 2  
30 4 8 3  
30 4 8 4  
30 4 8 5  
30 4 8 6  
30 4 8 7  
30 4 8 8  
30 4 8 9  
30 4 8 10  
30 4 8 11  
30 4 8 12  
30 4 8 13  
30 4 8 14  
30 4 8 15  
30 4 8 16  
30 4 8 17  
30 4 8 18  
30 4 8 19  
30 4 8 20  
30 4 8 21  
30 4 8 22  
30 4 8 23  
30 4 8 24  
30 4 8 25  
30 4 8 26  
30 4 8 27  
30 4 8 28  
30 4 8 29  
30 4 8 30  
30 4 9 1  
30 4 9 2  
30 4 9 3  
30 4 9 4  
30 4 9 5  
30 4 9 6  
30 4 9 7  
30 4 9 8  
30 4 9 9  
30 4 9 10  
30 4 9 11  
30 4 9 12  
30 4 9 13  
30 4 9 14  
30 4 9 15  
30 4 9 16  
30 4 9 17  
30 4 9 18  
30 4 9 19  
30 4 9 20  
30 4 9 21  
30 4 9 22  
30 4 9 23  
30 4 9 24  
30 4 9 25  
30 4 9 26  
30 4 9 27  
30 4 9 28  
30 4 9 29  
30 4 9 30  
30 4 10 1  
30 4 10 2  
30 4 10 3  
30 4 10 4  
30 4 10 5  
30 4 10 6  
30 4 10 7  
30 4 10 8  
30 4 10 9  
30 4 10 10  
30 4 10 11  
30 4 10 12  
30 4 10 13  
30 4 10 14  
30 4 10 15  
30 4 10 16  
30 4 10 17  
30 4 10 18  
30 4 10 19  
30 4 10 20  
30 4 10 21  
30 4 10 22  
30 4 10 23  
30 4 10 24  
30 4 10 25  
30 4 10 26  
30 4 10 27  
30 4 10 28  
30 4 10 29  
30 4 10 30  
31 4 1 1  
31 4 1 2  
31 4 1 3  
31 4 1 4  
31 4 1 5  
31 4 1 6  
31 4 1 7  
31 4 1 8  
31 4 1 9  
31 4 1 10  
31 4 1 11  
31 4 1 12  
31 4 1 13  
31 4 1 14  
31 4 1 15  
31 4 1 16  
31 4 1 17  
31 4 1 18  
31 4 1 19  
31 4 1 20  
31 4 1 21  
31 4 1 22  
31 4 1 23  
31 4 1 24  
31 4 1 25  
31 4 1 26  
31 4 1 27  
31 4 1 28  
31 4 1 29  
31 4 1 30  
31 4 2 1  
31 4 2 2  
31 4 2 3  
31 4 2 4  
31 4 2 5  
31 4 2 6  
31 4 2 7  
31 4 2 8  
31 4 2 9  
31 4 2 10  
31 4 2 11  
31 4 2 12  
31 4 2 13  
31 4 2 14  
31 4 2 15  
31 4 2 16  
31 4 2 17  
31 4 2 18  
31 4 2 19  
31 4 2 20  
31 4 2 21  
31 4 2 22  
31 4 2 23  
31 4 2 24  
31 4 2 25  
31 4 2 26  
31 4 2 27  
31 4 2 28  
31 4 2 29  
31 4 2 30  
31 4 3 1  
31 4 3 2  
31 4 3 3  
31 4 3 4  
31 4 3 5  
31 4 3 6  
31 4 3 7  
31 4 3 8  
31 4 3 9  
31 4 3 10  
31 4 3 11  
31 4 3 12  
31 4 3 13  
31 4 3 14  
31 4 3 15  
31 4 3 16  
31 4 3 17  
31 4 3 18  
31 4 3 19  
31 4 3 20  
31 4 3 21  
31 4 3 22  
31 4 3 23  
31 4 3 24  
31 4 3 25  
31 4 3 26  
31 4 3 27  
31 4 3 28  
31 4 3 29  
31 4 3 30  
31 4 4 1  
31 4 4 2  
31 4 4 3  
31 4 4 4  
31 4 4 5  
31 4 4 6  
31 4 4 7  
31 4 4 8  
31 4 4 9  
31 4 4 10  
31 4 4 11  
31 4 4 12  
31 4 4 13  
31 4 4 14  
31 4 4 15  
31 4 4 16  
31 4 4 17  
31 4 4 18  
31 4 4 19  
31 4 4 20  
31 4 4 21  
31 4 4 22  
31 4 4 23  
31 4 4 24  
31 4 4 25  
31 4 4 26  
31 4 4 27  
31 4 4 28  
31 4 4 29  
31 4 4 30  
31 4 5 1  
31 4 5 2  
31 4 5 3  
31 4 5 4  
31 4 5 5  
31 4 5 6  
31 4 5 7  
31 4 5 8  
31 4 5 9  
31 4 5 10  
31 4 5 11  
31 4 5 12  
31 4 5 13  
31 4 5 14  
31 4 5 15  
31 4 5 16  
31 4 5 17  
31 4 5 18  
31 4 5 19  
31 4 5 20  
31 4 5 21  
31 4 5 22  
31 4 5 23  
31 4 5 24  
31 4 5 25  
31 4 5 26  
31 4 5 27  
31 4 5 28  
31 4 5 29  
31 4 5 30  
31 4 6 1  
31 4 6 2  
31 4 6 3  
31 4 6 4  
31 4 6 5  
31 4 6 6  
31 4 6 7  
31 4 6 8  
31 4 6 9  
31 4 6 10  
31 4 6 11  
31 4 6 12  
31 4 6 13  
31 4 6 14  
31 4 6 15  
31 4 6 16  
31 4 6 17  
31 4 6 18  
31 4 6 19  
31 4 6 20  
31 4 6 21  
31 4 6 22  
31 4 6 23  
31 4 6 24  
31 4 6 25  
31 4 6 26  
31 4 6 27  
31 4 6 28  
31 4 6 29  
31 4 6 30  
31 4 7 1  
31 4 7 2  
31 4 7 3  
31 4 7 4  
31 4 7 5  
31 4 7 6  
31 4 7 7  
31 4 7 8  
31 4 7 9  
31 4 7 10  
31 4 7 11  
31 4 7 12  
31 4 7 13  
31 4 7 14  
31 4 7 15  
31 4 7 16  
31 4 7 17  
31 4 7 18  
31 4 7 19  
31 4 7 20  
31 4 7 21  
31 4 7 22  
31 4 7 23  
31 4 7 24  
31 4 7 25  
31 4 7 26  
31 4 7 27  
31 4 7 28  
31 4 7 29  
31 4 7 30  
31 4 8 1  
31 4 8 2  
31 4 8 3  
31 4 8 4  
31 4 8 5  
31 4 8 6  
31 4 8 7  
31 4 8 8  
31 4 8 9  
31 4 8 10  
31 4 8 11  
31 4 8 12  
31 4 8 13  
31 4 8 14  
31 4 8 15  
31 4 8 16  
31 4 8 17  
31 4 8 18  
31 4 8 19  
31 4 8 20  
31 4 8 21  
31 4 8 22  
31 4 8 23  
31 4 8 24  
31 4 8 25  
31 4 8 26  
31 4 8 27  
31 4 8 28  
31 4 8 29  
31 4 8 30  
31 4 9 1  
31 4 9 2  
31 4 9 3  
31 4 9 4  
31 4 9 5  
31 4 9 6  
31 4 9 7  
31 4 9 8  
31 4 9 9  
31 4 9 10  
31 4 9 11  
31 4 9 12  
31 4 9 13  
31 4 9 14  
31 4 9 15  
31 4 9 16  
31 4 9 17  
31 4 9 18  
31 4 9 19  
31 4 9 20  
31 4 9 21  
31 4 9 22  
31 4 9 23  
31 4 9 24  
31 4 9 25  
31 4 9 26  
31 4 9 27  
31 4 9 28  
31 4 9 29  
31 4 9 30  
31 4 10 1  
31 4 10 2  
31 4 10 3  
31 4 10 4  
31 4 10 5  
31 4 10 6  
31 4 10 7  
31 4 10 8  
31 4 10 9  
31 4 10 10  
31 4 10 11  
31 4 10 12  
31 4 10 13  
31 4 10 14  
31 4 10 15  
31 4 10 16  
31 4 10 17  
31 4 10 18  
31 4 10 19  
31 4 10 20  
31 4 10 21  
31 4 10 22  
31 4 10 23  
31 4 10 24  
31 4 10 25  
31 4 10 26  
31 4 10 27  
31 4 10 28  
31 4 10 29  
31 4 10 30  
32 4 1 1  
32 4 1 2  
32 4 1 3  
32 4 1 4  
32 4 1 5  
32 4 1 6  
32 4 1 7  
32 4 1 8  
32 4 1 9  
32 4 1 10  
32 4 1 11  
32 4 1 12  
32 4 1 13  
32 4 1 14  
32 4 1 15  
32 4 1 16  
32 4 1 17  
32 4 1 18  
32 4 1 19  
32 4 1 20  
32 4 1 21  
32 4 1 22  
32 4 1 23  
32 4 1 24  
32 4 1 25  
32 4 1 26  
32 4 1 27  
32 4 1 28  
32 4 1 29  
32 4 1 30  
32 4 2 1  
32 4 2 2  
32 4 2 3  
32 4 2 4  
32 4 2 5  
32 4 2 6  
32 4 2 7  
32 4 2 8  
32 4 2 9  
32 4 2 10  
32 4 2 11  
32 4 2 12  
32 4 2 13  
32 4 2 14  
32 4 2 15  
32 4 2 16  
32 4 2 17  
32 4 2 18  
32 4 2 19  
32 4 2 20  
32 4 2 21  
32 4 2 22  
32 4 2 23  
32 4 2 24  
32 4 2 25  
32 4 2 26  
32 4 2 27  
32 4 2 28  
32 4 2 29  
32 4 2 30  
32 4 3 1  
32 4 3 2  
32 4 3 3  
32 4 3 4  
32 4 3 5  
32 4 3 6  
32 4 3 7  
32 4 3 8  
32 4 3 9  
32 4 3 10  
32 4 3 11  
32 4 3 12  
32 4 3 13  
32 4 3 14  
32 4 3 15  
32 4 3 16  
32 4 3 17  
32 4 3 18  
32 4 3 19  
32 4 3 20  
32 4 3 21  
32 4 3 22  
32 4 3 23  
32 4 3 24  
32 4 3 25  
32 4 3 26  
32 4 3 27  
32 4 3 28  
32 4 3 29  
32 4 3 30  
32 4 4 1  
32 4 4 2  
32 4 4 3  
32 4 4 4  
32 4 4 5  
32 4 4 6  
32 4 4 7  
32 4 4 8  
32 4 4 9  
32 4 4 10  
32 4 4 11  
32 4 4 12  
32 4 4 13  
32 4 4 14  
32 4 4 15  
32 4 4 16  
32 4 4 17  
32 4 4 18  
32 4 4 19  
32 4 4 20  
32 4 4 21  
32 4 4 22  
32 4 4 23  
32 4 4 24  
32 4 4 25  
32 4 4 26  
32 4 4 27  
32 4 4 28  
32 4 4 29  
32 4 4 30  
32 4 5 1  
32 4 5 2  
32 4 5 3  
32 4 5 4  
32 4 5 5  
32 4 5 6  
32 4 5 7  
32 4 5 8  
32 4 5 9  
32 4 5 10  
32 4 5 11  
32 4 5 12  
32 4 5 13  
32 4 5 14  
32 4 5 15  
32 4 5 16  
32 4 5 17  
32 4 5 18  
32 4 5 19  
32 4 5 20  
32 4 5 21  
32 4 5 22  
32 4 5 23  
32 4 5 24  
32 4 5 25  
32 4 5 26  
32 4 5 27  
32 4 5 28  
32 4 5 29  
32 4 5 30  
32 4 6 1  
32 4 6 2  
32 4 6 3  
32 4 6 4  
32 4 6 5  
32 4 6 6  
32 4 6 7  
32 4 6 8  
32 4 6 9  
32 4 6 10  
32 4 6 11  
32 4 6 12  
32 4 6 13  
32 4 6 14  
32 4 6 15  
32 4 6 16  
32 4 6 17  
32 4 6 18  
32 4 6 19  
32 4 6 20  
32 4 6 21  
32 4 6 22  
32 4 6 23  
32 4 6 24  
32 4 6 25  
32 4 6 26  
32 4 6 27  
32 4 6 28  
32 4 6 29  
32 4 6 30  
32 4 7 1  
32 4 7 2  
32 4 7 3  
32 4 7 4  
32 4 7 5  
32 4 7 6  
32 4 7 7  
32 4 7 8  
32 4 7 9  
32 4 7 10  
32 4 7 11  
32 4 7 12  
32 4 7 13  
32 4 7 14  
32 4 7 15  
32 4 7 16  
32 4 7 17  
32 4 7 18  
32 4 7 19  
32 4 7 20  
32 4 7 21  
32 4 7 22  
32 4 7 23  
32 4 7 24  
32 4 7 25  
32 4 7 26  
32 4 7 27  
32 4 7 28  
32 4 7 29  
32 4 7 30  
32 4 8 1  
32 4 8 2  
32 4 8 3  
32 4 8 4  
32 4 8 5  
32 4 8 6  
32 4 8 7  
32 4 8 8  
32 4 8 9  
32 4 8 10  
32 4 8 11  
32 4 8 12  
32 4 8 13  
32 4 8 14  
32 4 8 15  
32 4 8 16  
32 4 8 17  
32 4 8 18  
32 4 8 19  
32 4 8 20  
32 4 8 21  
32 4 8 22  
32 4 8 23  
32 4 8 24  
32 4 8 25  
32 4 8 26  
32 4 8 27  
32 4 8 28  
32 4 8 29  
32 4 8 30  
32 4 9 1  
32 4 9 2  
32 4 9 3  
32 4 9 4  
32 4 9 5  
32 4 9 6  
32 4 9 7  
32 4 9 8  
32 4 9 9  
32 4 9 10  
32 4 9 11  
32 4 9 12  
32 4 9 13  
32 4 9 14  
32 4 9 15  
32 4 9 16  
32 4 9 17  
32 4 9 18  
32 4 9 19  
32 4 9 20  
32 4 9 21  
32 4 9 22  
32 4 9 23  
32 4 9 24  
32 4 9 25  
32 4 9 26  
32 4 9 27  
32 4 9 28  
32 4 9 29  
32 4 9 30  
32 4 10 1  
32 4 10 2  
32 4 10 3  
32 4 10 4  
32 4 10 5  
32 4 10 6  
32 4 10 7  
32 4 10 8  
32 4 10 9  
32 4 10 10  
32 4 10 11  
32 4 10 12  
32 4 10 13  
32 4 10 14  
32 4 10 15  
32 4 10 16  
32 4 10 17  
32 4 10 18  
32 4 10 19  
32 4 10 20  
32 4 10 21  
32 4 10 22  
32 4 10 23  
32 4 10 24  
32 4 10 25  
32 4 10 26  
32 4 10 27  
32 4 10 28  
32 4 10 29  
32 4 10 30  
33 4 1 1  
33 4 1 2  
33 4 1 3  
33 4 1 4  
33 4 1 5  
33 4 1 6  
33 4 1 7  
33 4 1 8  
33 4 1 9  
33 4 1 10  
33 4 1 11  
33 4 1 12  
33 4 1 13  
33 4 1 14  
33 4 1 15  
33 4 1 16  
33 4 1 17  
33 4 1 18  
33 4 1 19  
33 4 1 20  
33 4 1 21  
33 4 1 22  
33 4 1 23  
33 4 1 24  
33 4 1 25  
33 4 1 26  
33 4 1 27  
33 4 1 28  
33 4 1 29  
33 4 1 30  
33 4 2 1  
33 4 2 2  
33 4 2 3  
33 4 2 4  
33 4 2 5  
33 4 2 6  
33 4 2 7  
33 4 2 8  
33 4 2 9  
33 4 2 10  
33 4 2 11  
33 4 2 12  
33 4 2 13  
33 4 2 14  
33 4 2 15  
33 4 2 16  
33 4 2 17  
33 4 2 18  
33 4 2 19  
33 4 2 20  
33 4 2 21  
33 4 2 22  
33 4 2 23  
33 4 2 24  
33 4 2 25  
33 4 2 26  
33 4 2 27  
33 4 2 28  
33 4 2 29  
33 4 2 30  
33 4 3 1  
33 4 3 2  
33 4 3 3  
33 4 3 4  
33 4 3 5  
33 4 3 6  
33 4 3 7  
33 4 3 8  
33 4 3 9  
33 4 3 10  
33 4 3 11  
33 4 3 12  
33 4 3 13  
33 4 3 14  
33 4 3 15  
33 4 3 16  
33 4 3 17  
33 4 3 18  
33 4 3 19  
33 4 3 20  
33 4 3 21  
33 4 3 22  
33 4 3 23  
33 4 3 24  
33 4 3 25  
33 4 3 26  
33 4 3 27  
33 4 3 28  
33 4 3 29  
33 4 3 30  
33 4 4 1  
33 4 4 2  
33 4 4 3  
33 4 4 4  
33 4 4 5  
33 4 4 6  
33 4 4 7  
33 4 4 8  
33 4 4 9  
33 4 4 10  
33 4 4 11  
33 4 4 12  
33 4 4 13  
33 4 4 14  
33 4 4 15  
33 4 4 16  
33 4 4 17  
33 4 4 18  
33 4 4 19  
33 4 4 20  
33 4 4 21  
33 4 4 22  
33 4 4 23  
33 4 4 24  
33 4 4 25  
33 4 4 26  
33 4 4 27  
33 4 4 28  
33 4 4 29  
33 4 4 30  
33 4 5 1  
33 4 5 2  
33 4 5 3  
33 4 5 4  
33 4 5 5  
33 4 5 6  
33 4 5 7  
33 4 5 8  
33 4 5 9  
33 4 5 10  
33 4 5 11  
33 4 5 12  
33 4 5 13  
33 4 5 14  
33 4 5 15  
33 4 5 16  
33 4 5 17  
33 4 5 18  
33 4 5 19  
33 4 5 20  
33 4 5 21  
33 4 5 22  
33 4 5 23  
33 4 5 24  
33 4 5 25  
33 4 5 26  
33 4 5 27  
33 4 5 28  
33 4 5 29  
33 4 5 30  
33 4 6 1  
33 4 6 2  
33 4 6 3  
33 4 6 4  
33 4 6 5  
33 4 6 6  
33 4 6 7  
33 4 6 8  
33 4 6 9  
33 4 6 10  
33 4 6 11  
33 4 6 12  
33 4 6 13  
33 4 6 14  
33 4 6 15  
33 4 6 16  
33 4 6 17  
33 4 6 18  
33 4 6 19  
33 4 6 20  
33 4 6 21  
33 4 6 22  
33 4 6 23  
33 4 6 24  
33 4 6 25  
33 4 6 26  
33 4 6 27  
33 4 6 28  
33 4 6 29  
33 4 6 30  
33 4 7 1  
33 4 7 2  
33 4 7 3  
33 4 7 4  
33 4 7 5  
33 4 7 6  
33 4 7 7  
33 4 7 8  
33 4 7 9  
33 4 7 10  
33 4 7 11  
33 4 7 12  
33 4 7 13  
33 4 7 14  
33 4 7 15  
33 4 7 16  
33 4 7 17  
33 4 7 18  
33 4 7 19  
33 4 7 20  
33 4 7 21  
33 4 7 22  
33 4 7 23  
33 4 7 24  
33 4 7 25  
33 4 7 26  
33 4 7 27  
33 4 7 28  
33 4 7 29  
33 4 7 30  
33 4 8 1  
33 4 8 2  
33 4 8 3  
33 4 8 4  
33 4 8 5  
33 4 8 6  
33 4 8 7  
33 4 8 8  
33 4 8 9  
33 4 8 10  
33 4 8 11  
33 4 8 12  
33 4 8 13  
33 4 8 14  
33 4 8 15  
33 4 8 16  
33 4 8 17  
33 4 8 18  
33 4 8 19  
33 4 8 20  
33 4 8 21  
33 4 8 22  
33 4 8 23  
33 4 8 24  
33 4 8 25  
33 4 8 26  
33 4 8 27  
33 4 8 28  
33 4 8 29  
33 4 8 30  
33 4 9 1  
33 4 9 2  
33 4 9 3  
33 4 9 4  
33 4 9 5  
33 4 9 6  
33 4 9 7  
33 4 9 8  
33 4 9 9  
33 4 9 10  
33 4 9 11  
33 4 9 12  
33 4 9 13  
33 4 9 14  
33 4 9 15  
33 4 9 16  
33 4 9 17  
33 4 9 18  
33 4 9 19  
33 4 9 20  
33 4 9 21  
33 4 9 22  
33 4 9 23  
33 4 9 24  
33 4 9 25  
33 4 9 26  
33 4 9 27  
33 4 9 28  
33 4 9 29  
33 4 9 30  
33 4 10 1  
33 4 10 2  
33 4 10 3  
33 4 10 4  
33 4 10 5  
33 4 10 6  
33 4 10 7  
33 4 10 8  
33 4 10 9  
33 4 10 10  
33 4 10 11  
33 4 10 12  
33 4 10 13  
33 4 10 14  
33 4 10 15  
33 4 10 16  
33 4 10 17  
33 4 10 18  
33 4 10 19  
33 4 10 20  
33 4 10 21  
33 4 10 22  
33 4 10 23  
33 4 10 24  
33 4 10 25  
33 4 10 26  
33 4 10 27  
33 4 10 28  
33 4 10 29  
33 4 10 30  
34 4 1 1  
34 4 1 2  
34 4 1 3  
34 4 1 4  
34 4 1 5  
34 4 1 6  
34 4 1 7  
34 4 1 8  
34 4 1 9  
34 4 1 10  
34 4 1 11  
34 4 1 12  
34 4 1 13  
34 4 1 14  
34 4 1 15  
34 4 1 16  
34 4 1 17  
34 4 1 18  
34 4 1 19  
34 4 1 20  
34 4 1 21  
34 4 1 22  
34 4 1 23  
34 4 1 24  
34 4 1 25  
34 4 1 26  
34 4 1 27  
34 4 1 28  
34 4 1 29  
34 4 1 30  
34 4 2 1  
34 4 2 2  
34 4 2 3  
34 4 2 4  
34 4 2 5  
34 4 2 6  
34 4 2 7  
34 4 2 8  
34 4 2 9  
34 4 2 10  
34 4 2 11  
34 4 2 12  
34 4 2 13  
34 4 2 14  
34 4 2 15  
34 4 2 16  
34 4 2 17  
34 4 2 18  
34 4 2 19  
34 4 2 20  
34 4 2 21  
34 4 2 22  
34 4 2 23  
34 4 2 24  
34 4 2 25  
34 4 2 26  
34 4 2 27  
34 4 2 28  
34 4 2 29  
34 4 2 30  
34 4 3 1  
34 4 3 2  
34 4 3 3  
34 4 3 4  
34 4 3 5  
34 4 3 6  
34 4 3 7  
34 4 3 8  
34 4 3 9  
34 4 3 10  
34 4 3 11  
34 4 3 12  
34 4 3 13  
34 4 3 14  
34 4 3 15  
34 4 3 16  
34 4 3 17  
34 4 3 18  
34 4 3 19  
34 4 3 20  
34 4 3 21  
34 4 3 22  
34 4 3 23  
34 4 3 24  
34 4 3 25  
34 4 3 26  
34 4 3 27  
34 4 3 28  
34 4 3 29  
34 4 3 30  
34 4 4 1  
34 4 4 2  
34 4 4 3  
34 4 4 4  
34 4 4 5  
34 4 4 6  
34 4 4 7  
34 4 4 8  
34 4 4 9  
34 4 4 10  
34 4 4 11  
34 4 4 12  
34 4 4 13  
34 4 4 14  
34 4 4 15  
34 4 4 16  
34 4 4 17  
34 4 4 18  
34 4 4 19  
34 4 4 20  
34 4 4 21  
34 4 4 22  
34 4 4 23  
34 4 4 24  
34 4 4 25  
34 4 4 26  
34 4 4 27  
34 4 4 28  
34 4 4 29  
34 4 4 30  
34 4 5 1  
34 4 5 2  
34 4 5 3  
34 4 5 4  
34 4 5 5  
34 4 5 6  
34 4 5 7  
34 4 5 8  
34 4 5 9  
34 4 5 10  
34 4 5 11  
34 4 5 12  
34 4 5 13  
34 4 5 14  
34 4 5 15  
34 4 5 16  
34 4 5 17  
34 4 5 18  
34 4 5 19  
34 4 5 20  
34 4 5 21  
34 4 5 22  
34 4 5 23  
34 4 5 24  
34 4 5 25  
34 4 5 26  
34 4 5 27  
34 4 5 28  
34 4 5 29  
34 4 5 30  
34 4 6 1  
34 4 6 2  
34 4 6 3  
34 4 6 4  
34 4 6 5  
34 4 6 6  
34 4 6 7  
34 4 6 8  
34 4 6 9  
34 4 6 10  
34 4 6 11  
34 4 6 12  
34 4 6 13  
34 4 6 14  
34 4 6 15  
34 4 6 16  
34 4 6 17  
34 4 6 18  
34 4 6 19  
34 4 6 20  
34 4 6 21  
34 4 6 22  
34 4 6 23  
34 4 6 24  
34 4 6 25  
34 4 6 26  
34 4 6 27  
34 4 6 28  
34 4 6 29  
34 4 6 30  
34 4 7 1  
34 4 7 2  
34 4 7 3  
34 4 7 4  
34 4 7 5  
34 4 7 6  
34 4 7 7  
34 4 7 8  
34 4 7 9  
34 4 7 10  
34 4 7 11  
34 4 7 12  
34 4 7 13  
34 4 7 14  
34 4 7 15  
34 4 7 16  
34 4 7 17  
34 4 7 18  
34 4 7 19  
34 4 7 20  
34 4 7 21  
34 4 7 22  
34 4 7 23  
34 4 7 24  
34 4 7 25  
34 4 7 26  
34 4 7 27  
34 4 7 28  
34 4 7 29  
34 4 7 30  
34 4 8 1  
34 4 8 2  
34 4 8 3  
34 4 8 4  
34 4 8 5  
34 4 8 6  
34 4 8 7  
34 4 8 8  
34 4 8 9  
34 4 8 10  
34 4 8 11  
34 4 8 12  
34 4 8 13  
34 4 8 14  
34 4 8 15  
34 4 8 16  
34 4 8 17  
34 4 8 18  
34 4 8 19  
34 4 8 20  
34 4 8 21  
34 4 8 22  
34 4 8 23  
34 4 8 24  
34 4 8 25  
34 4 8 26  
34 4 8 27  
34 4 8 28  
34 4 8 29  
34 4 8 30  
34 4 9 1  
34 4 9 2  
34 4 9 3  
34 4 9 4  
34 4 9 5  
34 4 9 6  
34 4 9 7  
34 4 9 8  
34 4 9 9  
34 4 9 10  
34 4 9 11  
34 4 9 12  
34 4 9 13  
34 4 9 14  
34 4 9 15  
34 4 9 16  
34 4 9 17  
34 4 9 18  
34 4 9 19  
34 4 9 20  
34 4 9 21  
34 4 9 22  
34 4 9 23  
34 4 9 24  
34 4 9 25  
34 4 9 26  
34 4 9 27  
34 4 9 28  
34 4 9 29  
34 4 9 30  
34 4 10 1  
34 4 10 2  
34 4 10 3  
34 4 10 4  
34 4 10 5  
34 4 10 6  
34 4 10 7  
34 4 10 8  
34 4 10 9  
34 4 10 10  
34 4 10 11  
34 4 10 12  
34 4 10 13  
34 4 10 14  
34 4 10 15  
34 4 10 16  
34 4 10 17  
34 4 10 18  
34 4 10 19  
34 4 10 20  
34 4 10 21  
34 4 10 22  
34 4 10 23  
34 4 10 24  
34 4 10 25  
34 4 10 26  
34 4 10 27  
34 4 10 28  
34 4 10 29  
34 4 10 30  
35 4 1 1  
35 4 1 2  
35 4 1 3  
35 4 1 4  
35 4 1 5  
35 4 1 6  
35 4 1 7  
35 4 1 8  
35 4 1 9  
35 4 1 10  
35 4 1 11  
35 4 1 12  
35 4 1 13  
35 4 1 14  
35 4 1 15  
35 4 1 16  
35 4 1 17  
35 4 1 18  
35 4 1 19  
35 4 1 20  
35 4 1 21  
35 4 1 22  
35 4 1 23  
35 4 1 24  
35 4 1 25  
35 4 1 26  
35 4 1 27  
35 4 1 28  
35 4 1 29  
35 4 1 30  
35 4 2 1  
35 4 2 2  
35 4 2 3  
35 4 2 4  
35 4 2 5  
35 4 2 6  
35 4 2 7  
35 4 2 8  
35 4 2 9  
35 4 2 10  
35 4 2 11  
35 4 2 12  
35 4 2 13  
35 4 2 14  
35 4 2 15  
35 4 2 16  
35 4 2 17  
35 4 2 18  
35 4 2 19  
35 4 2 20  
35 4 2 21  
35 4 2 22  
35 4 2 23  
35 4 2 24  
35 4 2 25  
35 4 2 26  
35 4 2 27  
35 4 2 28  
35 4 2 29  
35 4 2 30  
35 4 3 1  
35 4 3 2  
35 4 3 3  
35 4 3 4  
35 4 3 5  
35 4 3 6  
35 4 3 7  
35 4 3 8  
35 4 3 9  
35 4 3 10  
35 4 3 11  
35 4 3 12  
35 4 3 13  
35 4 3 14  
35 4 3 15  
35 4 3 16  
35 4 3 17  
35 4 3 18  
35 4 3 19  
35 4 3 20  
35 4 3 21  
35 4 3 22  
35 4 3 23  
35 4 3 24  
35 4 3 25  
35 4 3 26  
35 4 3 27  
35 4 3 28  
35 4 3 29  
35 4 3 30  
35 4 4 1  
35 4 4 2  
35 4 4 3  
35 4 4 4  
35 4 4 5  
35 4 4 6  
35 4 4 7  
35 4 4 8  
35 4 4 9  
35 4 4 10  
35 4 4 11  
35 4 4 12  
35 4 4 13  
35 4 4 14  
35 4 4 15  
35 4 4 16  
35 4 4 17  
35 4 4 18  
35 4 4 19  
35 4 4 20  
35 4 4 21  
35 4 4 22  
35 4 4 23  
35 4 4 24  
35 4 4 25  
35 4 4 26  
35 4 4 27  
35 4 4 28  
35 4 4 29  
35 4 4 30  
35 4 5 1  
35 4 5 2  
35 4 5 3  
35 4 5 4  
35 4 5 5  
35 4 5 6  
35 4 5 7  
35 4 5 8  
35 4 5 9  
35 4 5 10  
35 4 5 11  
35 4 5 12  
35 4 5 13  
35 4 5 14  
35 4 5 15  
35 4 5 16  
35 4 5 17  
35 4 5 18  
35 4 5 19  
35 4 5 20  
35 4 5 21  
35 4 5 22  
35 4 5 23  
35 4 5 24  
35 4 5 25  
35 4 5 26  
35 4 5 27  
35 4 5 28  
35 4 5 29  
35 4 5 30  
35 4 6 1  
35 4 6 2  
35 4 6 3  
35 4 6 4  
35 4 6 5  
35 4 6 6  
35 4 6 7  
35 4 6 8  
35 4 6 9  
35 4 6 10  
35 4 6 11  
35 4 6 12  
35 4 6 13  
35 4 6 14  
35 4 6 15  
35 4 6 16  
35 4 6 17  
35 4 6 18  
35 4 6 19  
35 4 6 20  
35 4 6 21  
35 4 6 22  
35 4 6 23  
35 4 6 24  
35 4 6 25  
35 4 6 26  
35 4 6 27  
35 4 6 28  
35 4 6 29  
35 4 6 30  
35 4 7 1  
35 4 7 2  
35 4 7 3  
35 4 7 4  
35 4 7 5  
35 4 7 6  
35 4 7 7  
35 4 7 8  
35 4 7 9  
35 4 7 10  
35 4 7 11  
35 4 7 12  
35 4 7 13  
35 4 7 14  
35 4 7 15  
35 4 7 16  
35 4 7 17  
35 4 7 18  
35 4 7 19  
35 4 7 20  
35 4 7 21  
35 4 7 22  
35 4 7 23  
35 4 7 24  
35 4 7 25  
35 4 7 26  
35 4 7 27  
35 4 7 28  
35 4 7 29  
35 4 7 30  
35 4 8 1  
35 4 8 2  
35 4 8 3  
35 4 8 4  
35 4 8 5  
35 4 8 6  
35 4 8 7  
35 4 8 8  
35 4 8 9  
35 4 8 10  
35 4 8 11  
35 4 8 12  
35 4 8 13  
35 4 8 14  
35 4 8 15  
35 4 8 16  
35 4 8 17  
35 4 8 18  
35 4 8 19  
35 4 8 20  
35 4 8 21  
35 4 8 22  
35 4 8 23  
35 4 8 24  
35 4 8 25  
35 4 8 26  
35 4 8 27  
35 4 8 28  
35 4 8 29  
35 4 8 30  
35 4 9 1  
35 4 9 2  
35 4 9 3  
35 4 9 4  
35 4 9 5  
35 4 9 6  
35 4 9 7  
35 4 9 8  
35 4 9 9  
35 4 9 10  
35 4 9 11  
35 4 9 12  
35 4 9 13  
35 4 9 14  
35 4 9 15  
35 4 9 16  
35 4 9 17  
35 4 9 18  
35 4 9 19  
35 4 9 20  
35 4 9 21  
35 4 9 22  
35 4 9 23  
35 4 9 24  
35 4 9 25  
35 4 9 26  
35 4 9 27  
35 4 9 28  
35 4 9 29  
35 4 9 30  
35 4 10 1  
35 4 10 2  
35 4 10 3  
35 4 10 4  
35 4 10 5  
35 4 10 6  
35 4 10 7  
35 4 10 8  
35 4 10 9  
35 4 10 10  
35 4 10 11  
35 4 10 12  
35 4 10 13  
35 4 10 14  
35 4 10 15  
35 4 10 16  
35 4 10 17  
35 4 10 18  
35 4 10 19  
35 4 10 20  
35 4 10 21  
35 4 10 22  
35 4 10 23  
35 4 10 24  
35 4 10 25  
35 4 10 26  
35 4 10 27  
35 4 10 28  
35 4 10 29  
35 4 10 30  
36 4 1 1  
36 4 1 2  
36 4 1 3  
36 4 1 4  
36 4 1 5  
36 4 1 6  
36 4 1 7  
36 4 1 8  
36 4 1 9  
36 4 1 10  
36 4 1 11  
36 4 1 12  
36 4 1 13  
36 4 1 14  
36 4 1 15  
36 4 1 16  
36 4 1 17  
36 4 1 18  
36 4 1 19  
36 4 1 20  
36 4 1 21  
36 4 1 22  
36 4 1 23  
36 4 1 24  
36 4 1 25  
36 4 1 26  
36 4 1 27  
36 4 1 28  
36 4 1 29  
36 4 1 30  
36 4 2 1  
36 4 2 2  
36 4 2 3  
36 4 2 4  
36 4 2 5  
36 4 2 6  
36 4 2 7  
36 4 2 8  
36 4 2 9  
36 4 2 10  
36 4 2 11  
36 4 2 12  
36 4 2 13  
36 4 2 14  
36 4 2 15  
36 4 2 16  
36 4 2 17  
36 4 2 18  
36 4 2 19  
36 4 2 20  
36 4 2 21  
36 4 2 22  
36 4 2 23  
36 4 2 24  
36 4 2 25  
36 4 2 26  
36 4 2 27  
36 4 2 28  
36 4 2 29  
36 4 2 30  
36 4 3 1  
36 4 3 2  
36 4 3 3  
36 4 3 4  
36 4 3 5  
36 4 3 6  
36 4 3 7  
36 4 3 8  
36 4 3 9  
36 4 3 10  
36 4 3 11  
36 4 3 12  
36 4 3 13  
36 4 3 14  
36 4 3 15  
36 4 3 16  
36 4 3 17  
36 4 3 18  
36 4 3 19  
36 4 3 20  
36 4 3 21  
36 4 3 22  
36 4 3 23  
36 4 3 24  
36 4 3 25  
36 4 3 26  
36 4 3 27  
36 4 3 28  
36 4 3 29  
36 4 3 30  
36 4 4 1  
36 4 4 2  
36 4 4 3  
36 4 4 4  
36 4 4 5  
36 4 4 6  
36 4 4 7  
36 4 4 8  
36 4 4 9  
36 4 4 10  
36 4 4 11  
36 4 4 12  
36 4 4 13  
36 4 4 14  
36 4 4 15  
36 4 4 16  
36 4 4 17  
36 4 4 18  
36 4 4 19  
36 4 4 20  
36 4 4 21  
36 4 4 22  
36 4 4 23  
36 4 4 24  
36 4 4 25  
36 4 4 26  
36 4 4 27  
36 4 4 28  
36 4 4 29  
36 4 4 30  
36 4 5 1  
36 4 5 2  
36 4 5 3  
36 4 5 4  
36 4 5 5  
36 4 5 6  
36 4 5 7  
36 4 5 8  
36 4 5 9  
36 4 5 10  
36 4 5 11  
36 4 5 12  
36 4 5 13  
36 4 5 14  
36 4 5 15  
36 4 5 16  
36 4 5 17  
36 4 5 18  
36 4 5 19  
36 4 5 20  
36 4 5 21  
36 4 5 22  
36 4 5 23  
36 4 5 24  
36 4 5 25  
36 4 5 26  
36 4 5 27  
36 4 5 28  
36 4 5 29  
36 4 5 30  
36 4 6 1  
36 4 6 2  
36 4 6 3  
36 4 6 4  
36 4 6 5  
36 4 6 6  
36 4 6 7  
36 4 6 8  
36 4 6 9  
36 4 6 10  
36 4 6 11  
36 4 6 12  
36 4 6 13  
36 4 6 14  
36 4 6 15  
36 4 6 16  
36 4 6 17  
36 4 6 18  
36 4 6 19  
36 4 6 20  
36 4 6 21  
36 4 6 22  
36 4 6 23  
36 4 6 24  
36 4 6 25  
36 4 6 26  
36 4 6 27  
36 4 6 28  
36 4 6 29  
36 4 6 30  
36 4 7 1  
36 4 7 2  
36 4 7 3  
36 4 7 4  
36 4 7 5  
36 4 7 6  
36 4 7 7  
36 4 7 8  
36 4 7 9  
36 4 7 10  
36 4 7 11  
36 4 7 12  
36 4 7 13  
36 4 7 14  
36 4 7 15  
36 4 7 16  
36 4 7 17  
36 4 7 18  
36 4 7 19  
36 4 7 20  
36 4 7 21  
36 4 7 22  
36 4 7 23  
36 4 7 24  
36 4 7 25  
36 4 7 26  
36 4 7 27  
36 4 7 28  
36 4 7 29  
36 4 7 30  
36 4 8 1  
36 4 8 2  
36 4 8 3  
36 4 8 4  
36 4 8 5  
36 4 8 6  
36 4 8 7  
36 4 8 8  
36 4 8 9  
36 4 8 10  
36 4 8 11  
36 4 8 12  
36 4 8 13  
36 4 8 14  
36 4 8 15  
36 4 8 16  
36 4 8 17  
36 4 8 18  
36 4 8 19  
36 4 8 20  
36 4 8 21  
36 4 8 22  
36 4 8 23  
36 4 8 24  
36 4 8 25  
36 4 8 26  
36 4 8 27  
36 4 8 28  
36 4 8 29  
36 4 8 30  
36 4 9 1  
36 4 9 2  
36 4 9 3  
36 4 9 4  
36 4 9 5  
36 4 9 6  
36 4 9 7  
36 4 9 8  
36 4 9 9  
36 4 9 10  
36 4 9 11  
36 4 9 12  
36 4 9 13  
36 4 9 14  
36 4 9 15  
36 4 9 16  
36 4 9 17  
36 4 9 18  
36 4 9 19  
36 4 9 20  
36 4 9 21  
36 4 9 22  
36 4 9 23  
36 4 9 24  
36 4 9 25  
36 4 9 26  
36 4 9 27  
36 4 9 28  
36 4 9 29  
36 4 9 30  
36 4 10 1  
36 4 10 2  
36 4 10 3  
36 4 10 4  
36 4 10 5  
36 4 10 6  
36 4 10 7  
36 4 10 8  
36 4 10 9  
36 4 10 10  
36 4 10 11  
36 4 10 12  
36 4 10 13  
36 4 10 14  
36 4 10 15  
36 4 10 16  
36 4 10 17  
36 4 10 18  
36 4 10 19  
36 4 10 20  
36 4 10 21  
36 4 10 22  
36 4 10 23  
36 4 10 24  
36 4 10 25  
36 4 10 26  
36 4 10 27  
36 4 10 28  
36 4 10 29  
36 4 10 30  
37 4 1 1  
37 4 1 2  
37 4 1 3  
37 4 1 4  
37 4 1 5  
37 4 1 6  
37 4 1 7  
37 4 1 8  
37 4 1 9  
37 4 1 10  
37 4 1 11  
37 4 1 12  
37 4 1 13  
37 4 1 14  
37 4 1 15  
37 4 1 16  
37 4 1 17  
37 4 1 18  
37 4 1 19  
37 4 1 20  
37 4 1 21  
37 4 1 22  
37 4 1 23  
37 4 1 24  
37 4 1 25  
37 4 1 26  
37 4 1 27  
37 4 1 28  
37 4 1 29  
37 4 1 30  
37 4 2 1  
37 4 2 2  
37 4 2 3  
37 4 2 4  
37 4 2 5  
37 4 2 6  
37 4 2 7  
37 4 2 8  
37 4 2 9  
37 4 2 10  
37 4 2 11  
37 4 2 12  
37 4 2 13  
37 4 2 14  
37 4 2 15  
37 4 2 16  
37 4 2 17  
37 4 2 18  
37 4 2 19  
37 4 2 20  
37 4 2 21  
37 4 2 22  
37 4 2 23  
37 4 2 24  
37 4 2 25  
37 4 2 26  
37 4 2 27  
37 4 2 28  
37 4 2 29  
37 4 2 30  
37 4 3 1  
37 4 3 2  
37 4 3 3  
37 4 3 4  
37 4 3 5  
37 4 3 6  
37 4 3 7  
37 4 3 8  
37 4 3 9  
37 4 3 10  
37 4 3 11  
37 4 3 12  
37 4 3 13  
37 4 3 14  
37 4 3 15  
37 4 3 16  
37 4 3 17  
37 4 3 18  
37 4 3 19  
37 4 3 20  
37 4 3 21  
37 4 3 22  
37 4 3 23  
37 4 3 24  
37 4 3 25  
37 4 3 26  
37 4 3 27  
37 4 3 28  
37 4 3 29  
37 4 3 30  
37 4 4 1  
37 4 4 2  
37 4 4 3  
37 4 4 4  
37 4 4 5  
37 4 4 6  
37 4 4 7  
37 4 4 8  
37 4 4 9  
37 4 4 10  
37 4 4 11  
37 4 4 12  
37 4 4 13  
37 4 4 14  
37 4 4 15  
37 4 4 16  
37 4 4 17  
37 4 4 18  
37 4 4 19  
37 4 4 20  
37 4 4 21  
37 4 4 22  
37 4 4 23  
37 4 4 24  
37 4 4 25  
37 4 4 26  
37 4 4 27  
37 4 4 28  
37 4 4 29  
37 4 4 30  
37 4 5 1  
37 4 5 2  
37 4 5 3  
37 4 5 4  
37 4 5 5  
37 4 5 6  
37 4 5 7  
37 4 5 8  
37 4 5 9  
37 4 5 10  
37 4 5 11  
37 4 5 12  
37 4 5 13  
37 4 5 14  
37 4 5 15  
37 4 5 16  
37 4 5 17  
37 4 5 18  
37 4 5 19  
37 4 5 20  
37 4 5 21  
37 4 5 22  
37 4 5 23  
37 4 5 24  
37 4 5 25  
37 4 5 26  
37 4 5 27  
37 4 5 28  
37 4 5 29  
37 4 5 30  
37 4 6 1  
37 4 6 2  
37 4 6 3  
37 4 6 4  
37 4 6 5  
37 4 6 6  
37 4 6 7  
37 4 6 8  
37 4 6 9  
37 4 6 10  
37 4 6 11  
37 4 6 12  
37 4 6 13  
37 4 6 14  
37 4 6 15  
37 4 6 16  
37 4 6 17  
37 4 6 18  
37 4 6 19  
37 4 6 20  
37 4 6 21  
37 4 6 22  
37 4 6 23  
37 4 6 24  
37 4 6 25  
37 4 6 26  
37 4 6 27  
37 4 6 28  
37 4 6 29  
37 4 6 30  
37 4 7 1  
37 4 7 2  
37 4 7 3  
37 4 7 4  
37 4 7 5  
37 4 7 6  
37 4 7 7  
37 4 7 8  
37 4 7 9  
37 4 7 10  
37 4 7 11  
37 4 7 12  
37 4 7 13  
37 4 7 14  
37 4 7 15  
37 4 7 16  
37 4 7 17  
37 4 7 18  
37 4 7 19  
37 4 7 20  
37 4 7 21  
37 4 7 22  
37 4 7 23  
37 4 7 24  
37 4 7 25  
37 4 7 26  
37 4 7 27  
37 4 7 28  
37 4 7 29  
37 4 7 30  
37 4 8 1  
37 4 8 2  
37 4 8 3  
37 4 8 4  
37 4 8 5  
37 4 8 6  
37 4 8 7  
37 4 8 8  
37 4 8 9  
37 4 8 10  
37 4 8 11  
37 4 8 12  
37 4 8 13  
37 4 8 14  
37 4 8 15  
37 4 8 16  
37 4 8 17  
37 4 8 18  
37 4 8 19  
37 4 8 20  
37 4 8 21  
37 4 8 22  
37 4 8 23  
37 4 8 24  
37 4 8 25  
37 4 8 26  
37 4 8 27  
37 4 8 28  
37 4 8 29  
37 4 8 30  
37 4 9 1  
37 4 9 2  
37 4 9 3  
37 4 9 4  
37 4 9 5  
37 4 9 6  
37 4 9 7  
37 4 9 8  
37 4 9 9  
37 4 9 10  
37 4 9 11  
37 4 9 12  
37 4 9 13  
37 4 9 14  
37 4 9 15  
37 4 9 16  
37 4 9 17  
37 4 9 18  
37 4 9 19  
37 4 9 20  
37 4 9 21  
37 4 9 22  
37 4 9 23  
37 4 9 24  
37 4 9 25  
37 4 9 26  
37 4 9 27  
37 4 9 28  
37 4 9 29  
37 4 9 30  
37 4 10 1  
37 4 10 2  
37 4 10 3  
37 4 10 4  
37 4 10 5  
37 4 10 6  
37 4 10 7  
37 4 10 8  
37 4 10 9  
37 4 10 10  
37 4 10 11  
37 4 10 12  
37 4 10 13  
37 4 10 14  
37 4 10 15  
37 4 10 16  
37 4 10 17  
37 4 10 18  
37 4 10 19  
37 4 10 20  
37 4 10 21  
37 4 10 22  
37 4 10 23  
37 4 10 24  
37 4 10 25  
37 4 10 26  
37 4 10 27  
37 4 10 28  
37 4 10 29  
37 4 10 30  
38 4 1 1  
38 4 1 2  
38 4 1 3  
38 4 1 4  
38 4 1 5  
38 4 1 6  
38 4 1 7  
38 4 1 8  
38 4 1 9  
38 4 1 10  
38 4 1 11  
38 4 1 12  
38 4 1 13  
38 4 1 14  
38 4 1 15  
38 4 1 16  
38 4 1 17  
38 4 1 18  
38 4 1 19  
38 4 1 20  
38 4 1 21  
38 4 1 22  
38 4 1 23  
38 4 1 24  
38 4 1 25  
38 4 1 26  
38 4 1 27  
38 4 1 28  
38 4 1 29  
38 4 1 30  
38 4 2 1  
38 4 2 2  
38 4 2 3  
38 4 2 4  
38 4 2 5  
38 4 2 6  
38 4 2 7  
38 4 2 8  
38 4 2 9  
38 4 2 10  
38 4 2 11  
38 4 2 12  
38 4 2 13  
38 4 2 14  
38 4 2 15  
38 4 2 16  
38 4 2 17  
38 4 2 18  
38 4 2 19  
38 4 2 20  
38 4 2 21  
38 4 2 22  
38 4 2 23  
38 4 2 24  
38 4 2 25  
38 4 2 26  
38 4 2 27  
38 4 2 28  
38 4 2 29  
38 4 2 30  
38 4 3 1  
38 4 3 2  
38 4 3 3  
38 4 3 4  
38 4 3 5  
38 4 3 6  
38 4 3 7  
38 4 3 8  
38 4 3 9  
38 4 3 10  
38 4 3 11  
38 4 3 12  
38 4 3 13  
38 4 3 14  
38 4 3 15  
38 4 3 16  
38 4 3 17  
38 4 3 18  
38 4 3 19  
38 4 3 20  
38 4 3 21  
38 4 3 22  
38 4 3 23  
38 4 3 24  
38 4 3 25  
38 4 3 26  
38 4 3 27  
38 4 3 28  
38 4 3 29  
38 4 3 30  
38 4 4 1  
38 4 4 2  
38 4 4 3  
38 4 4 4  
38 4 4 5  
38 4 4 6  
38 4 4 7  
38 4 4 8  
38 4 4 9  
38 4 4 10  
38 4 4 11  
38 4 4 12  
38 4 4 13  
38 4 4 14  
38 4 4 15  
38 4 4 16  
38 4 4 17  
38 4 4 18  
38 4 4 19  
38 4 4 20  
38 4 4 21  
38 4 4 22  
38 4 4 23  
38 4 4 24  
38 4 4 25  
38 4 4 26  
38 4 4 27  
38 4 4 28  
38 4 4 29  
38 4 4 30  
38 4 5 1  
38 4 5 2  
38 4 5 3  
38 4 5 4  
38 4 5 5  
38 4 5 6  
38 4 5 7  
38 4 5 8  
38 4 5 9  
38 4 5 10  
38 4 5 11  
38 4 5 12  
38 4 5 13  
38 4 5 14  
38 4 5 15  
38 4 5 16  
38 4 5 17  
38 4 5 18  
38 4 5 19  
38 4 5 20  
38 4 5 21  
38 4 5 22  
38 4 5 23  
38 4 5 24  
38 4 5 25  
38 4 5 26  
38 4 5 27  
38 4 5 28  
38 4 5 29  
38 4 5 30  
38 4 6 1  
38 4 6 2  
38 4 6 3  
38 4 6 4  
38 4 6 5  
38 4 6 6  
38 4 6 7  
38 4 6 8  
38 4 6 9  
38 4 6 10  
38 4 6 11  
38 4 6 12  
38 4 6 13  
38 4 6 14  
38 4 6 15  
38 4 6 16  
38 4 6 17  
38 4 6 18  
38 4 6 19  
38 4 6 20  
38 4 6 21  
38 4 6 22  
38 4 6 23  
38 4 6 24  
38 4 6 25  
38 4 6 26  
38 4 6 27  
38 4 6 28  
38 4 6 29  
38 4 6 30  
38 4 7 1  
38 4 7 2  
38 4 7 3  
38 4 7 4  
38 4 7 5  
38 4 7 6  
38 4 7 7  
38 4 7 8  
38 4 7 9  
38 4 7 10  
38 4 7 11  
38 4 7 12  
38 4 7 13  
38 4 7 14  
38 4 7 15  
38 4 7 16  
38 4 7 17  
38 4 7 18  
38 4 7 19  
38 4 7 20  
38 4 7 21  
38 4 7 22  
38 4 7 23  
38 4 7 24  
38 4 7 25  
38 4 7 26  
38 4 7 27  
38 4 7 28  
38 4 7 29  
38 4 7 30  
38 4 8 1  
38 4 8 2  
38 4 8 3  
38 4 8 4  
38 4 8 5  
38 4 8 6  
38 4 8 7  
38 4 8 8  
38 4 8 9  
38 4 8 10  
38 4 8 11  
38 4 8 12  
38 4 8 13  
38 4 8 14  
38 4 8 15  
38 4 8 16  
38 4 8 17  
38 4 8 18  
38 4 8 19  
38 4 8 20  
38 4 8 21  
38 4 8 22  
38 4 8 23  
38 4 8 24  
38 4 8 25  
38 4 8 26  
38 4 8 27  
38 4 8 28  
38 4 8 29  
38 4 8 30  
38 4 9 1  
38 4 9 2  
38 4 9 3  
38 4 9 4  
38 4 9 5  
38 4 9 6  
38 4 9 7  
38 4 9 8  
38 4 9 9  
38 4 9 10  
38 4 9 11  
38 4 9 12  
38 4 9 13  
38 4 9 14  
38 4 9 15  
38 4 9 16  
38 4 9 17  
38 4 9 18  
38 4 9 19  
38 4 9 20  
38 4 9 21  
38 4 9 22  
38 4 9 23  
38 4 9 24  
38 4 9 25  
38 4 9 26  
38 4 9 27  
38 4 9 28  
38 4 9 29  
38 4 9 30  
38 4 10 1  
38 4 10 2  
38 4 10 3  
38 4 10 4  
38 4 10 5  
38 4 10 6  
38 4 10 7  
38 4 10 8  
38 4 10 9  
38 4 10 10  
38 4 10 11  
38 4 10 12  
38 4 10 13  
38 4 10 14  
38 4 10 15  
38 4 10 16  
38 4 10 17  
38 4 10 18  
38 4 10 19  
38 4 10 20  
38 4 10 21  
38 4 10 22  
38 4 10 23  
38 4 10 24  
38 4 10 25  
38 4 10 26  
38 4 10 27  
38 4 10 28  
38 4 10 29  
38 4 10 30  
39 4 1 1  
39 4 1 2  
39 4 1 3  
39 4 1 4  
39 4 1 5  
39 4 1 6  
39 4 1 7  
39 4 1 8  
39 4 1 9  
39 4 1 10  
39 4 1 11  
39 4 1 12  
39 4 1 13  
39 4 1 14  
39 4 1 15  
39 4 1 16  
39 4 1 17  
39 4 1 18  
39 4 1 19  
39 4 1 20  
39 4 1 21  
39 4 1 22  
39 4 1 23  
39 4 1 24  
39 4 1 25  
39 4 1 26  
39 4 1 27  
39 4 1 28  
39 4 1 29  
39 4 1 30  
39 4 2 1  
39 4 2 2  
39 4 2 3  
39 4 2 4  
39 4 2 5  
39 4 2 6  
39 4 2 7  
39 4 2 8  
39 4 2 9  
39 4 2 10  
39 4 2 11  
39 4 2 12  
39 4 2 13  
39 4 2 14  
39 4 2 15  
39 4 2 16  
39 4 2 17  
39 4 2 18  
39 4 2 19  
39 4 2 20  
39 4 2 21  
39 4 2 22  
39 4 2 23  
39 4 2 24  
39 4 2 25  
39 4 2 26  
39 4 2 27  
39 4 2 28  
39 4 2 29  
39 4 2 30  
39 4 3 1  
39 4 3 2  
39 4 3 3  
39 4 3 4  
39 4 3 5  
39 4 3 6  
39 4 3 7  
39 4 3 8  
39 4 3 9  
39 4 3 10  
39 4 3 11  
39 4 3 12  
39 4 3 13  
39 4 3 14  
39 4 3 15  
39 4 3 16  
39 4 3 17  
39 4 3 18  
39 4 3 19  
39 4 3 20  
39 4 3 21  
39 4 3 22  
39 4 3 23  
39 4 3 24  
39 4 3 25  
39 4 3 26  
39 4 3 27  
39 4 3 28  
39 4 3 29  
39 4 3 30  
39 4 4 1  
39 4 4 2  
39 4 4 3  
39 4 4 4  
39 4 4 5  
39 4 4 6  
39 4 4 7  
39 4 4 8  
39 4 4 9  
39 4 4 10  
39 4 4 11  
39 4 4 12  
39 4 4 13  
39 4 4 14  
39 4 4 15  
39 4 4 16  
39 4 4 17  
39 4 4 18  
39 4 4 19  
39 4 4 20  
39 4 4 21  
39 4 4 22  
39 4 4 23  
39 4 4 24  
39 4 4 25  
39 4 4 26  
39 4 4 27  
39 4 4 28  
39 4 4 29  
39 4 4 30  
39 4 5 1  
39 4 5 2  
39 4 5 3  
39 4 5 4  
39 4 5 5  
39 4 5 6  
39 4 5 7  
39 4 5 8  
39 4 5 9  
39 4 5 10  
39 4 5 11  
39 4 5 12  
39 4 5 13  
39 4 5 14  
39 4 5 15  
39 4 5 16  
39 4 5 17  
39 4 5 18  
39 4 5 19  
39 4 5 20  
39 4 5 21  
39 4 5 22  
39 4 5 23  
39 4 5 24  
39 4 5 25  
39 4 5 26  
39 4 5 27  
39 4 5 28  
39 4 5 29  
39 4 5 30  
39 4 6 1  
39 4 6 2  
39 4 6 3  
39 4 6 4  
39 4 6 5  
39 4 6 6  
39 4 6 7  
39 4 6 8  
39 4 6 9  
39 4 6 10  
39 4 6 11  
39 4 6 12  
39 4 6 13  
39 4 6 14  
39 4 6 15  
39 4 6 16  
39 4 6 17  
39 4 6 18  
39 4 6 19  
39 4 6 20  
39 4 6 21  
39 4 6 22  
39 4 6 23  
39 4 6 24  
39 4 6 25  
39 4 6 26  
39 4 6 27  
39 4 6 28  
39 4 6 29  
39 4 6 30  
39 4 7 1  
39 4 7 2  
39 4 7 3  
39 4 7 4  
39 4 7 5  
39 4 7 6  
39 4 7 7  
39 4 7 8  
39 4 7 9  
39 4 7 10  
39 4 7 11  
39 4 7 12  
39 4 7 13  
39 4 7 14  
39 4 7 15  
39 4 7 16  
39 4 7 17  
39 4 7 18  
39 4 7 19  
39 4 7 20  
39 4 7 21  
39 4 7 22  
39 4 7 23  
39 4 7 24  
39 4 7 25  
39 4 7 26  
39 4 7 27  
39 4 7 28  
39 4 7 29  
39 4 7 30  
39 4 8 1  
39 4 8 2  
39 4 8 3  
39 4 8 4  
39 4 8 5  
39 4 8 6  
39 4 8 7  
39 4 8 8  
39 4 8 9  
39 4 8 10  
39 4 8 11  
39 4 8 12  
39 4 8 13  
39 4 8 14  
39 4 8 15  
39 4 8 16  
39 4 8 17  
39 4 8 18  
39 4 8 19  
39 4 8 20  
39 4 8 21  
39 4 8 22  
39 4 8 23  
39 4 8 24  
39 4 8 25  
39 4 8 26  
39 4 8 27  
39 4 8 28  
39 4 8 29  
39 4 8 30  
39 4 9 1  
39 4 9 2  
39 4 9 3  
39 4 9 4  
39 4 9 5  
39 4 9 6  
39 4 9 7  
39 4 9 8  
39 4 9 9  
39 4 9 10  
39 4 9 11  
39 4 9 12  
39 4 9 13  
39 4 9 14  
39 4 9 15  
39 4 9 16  
39 4 9 17  
39 4 9 18  
39 4 9 19  
39 4 9 20  
39 4 9 21  
39 4 9 22  
39 4 9 23  
39 4 9 24  
39 4 9 25  
39 4 9 26  
39 4 9 27  
39 4 9 28  
39 4 9 29  
39 4 9 30  
39 4 10 1  
39 4 10 2  
39 4 10 3  
39 4 10 4  
39 4 10 5  
39 4 10 6  
39 4 10 7  
39 4 10 8  
39 4 10 9  
39 4 10 10  
39 4 10 11  
39 4 10 12  
39 4 10 13  
39 4 10 14  
39 4 10 15  
39 4 10 16  
39 4 10 17  
39 4 10 18  
39 4 10 19  
39 4 10 20  
39 4 10 21  
39 4 10 22  
39 4 10 23  
39 4 10 24  
39 4 10 25  
39 4 10 26  
39 4 10 27  
39 4 10 28  
39 4 10 29  
39 4 10 30  
40 4 1 1  
40 4 1 2  
40 4 1 3  
40 4 1 4  
40 4 1 5  
40 4 1 6  
40 4 1 7  
40 4 1 8  
40 4 1 9  
40 4 1 10  
40 4 1 11  
40 4 1 12  
40 4 1 13  
40 4 1 14  
40 4 1 15  
40 4 1 16  
40 4 1 17  
40 4 1 18  
40 4 1 19  
40 4 1 20  
40 4 1 21  
40 4 1 22  
40 4 1 23  
40 4 1 24  
40 4 1 25  
40 4 1 26  
40 4 1 27  
40 4 1 28  
40 4 1 29  
40 4 1 30  
40 4 2 1  
40 4 2 2  
40 4 2 3  
40 4 2 4  
40 4 2 5  
40 4 2 6  
40 4 2 7  
40 4 2 8  
40 4 2 9  
40 4 2 10  
40 4 2 11  
40 4 2 12  
40 4 2 13  
40 4 2 14  
40 4 2 15  
40 4 2 16  
40 4 2 17  
40 4 2 18  
40 4 2 19  
40 4 2 20  
40 4 2 21  
40 4 2 22  
40 4 2 23  
40 4 2 24  
40 4 2 25  
40 4 2 26  
40 4 2 27  
40 4 2 28  
40 4 2 29  
40 4 2 30  
40 4 3 1  
40 4 3 2  
40 4 3 3  
40 4 3 4  
40 4 3 5  
40 4 3 6  
40 4 3 7  
40 4 3 8  
40 4 3 9  
40 4 3 10  
40 4 3 11  
40 4 3 12  
40 4 3 13  
40 4 3 14  
40 4 3 15  
40 4 3 16  
40 4 3 17  
40 4 3 18  
40 4 3 19  
40 4 3 20  
40 4 3 21  
40 4 3 22  
40 4 3 23  
40 4 3 24  
40 4 3 25  
40 4 3 26  
40 4 3 27  
40 4 3 28  
40 4 3 29  
40 4 3 30  
40 4 4 1  
40 4 4 2  
40 4 4 3  
40 4 4 4  
40 4 4 5  
40 4 4 6  
40 4 4 7  
40 4 4 8  
40 4 4 9  
40 4 4 10  
40 4 4 11  
40 4 4 12  
40 4 4 13  
40 4 4 14  
40 4 4 15  
40 4 4 16  
40 4 4 17  
40 4 4 18  
40 4 4 19  
40 4 4 20  
40 4 4 21  
40 4 4 22  
40 4 4 23  
40 4 4 24  
40 4 4 25  
40 4 4 26  
40 4 4 27  
40 4 4 28  
40 4 4 29  
40 4 4 30  
40 4 5 1  
40 4 5 2  
40 4 5 3  
40 4 5 4  
40 4 5 5  
40 4 5 6  
40 4 5 7  
40 4 5 8  
40 4 5 9  
40 4 5 10  
40 4 5 11  
40 4 5 12  
40 4 5 13  
40 4 5 14  
40 4 5 15  
40 4 5 16  
40 4 5 17  
40 4 5 18  
40 4 5 19  
40 4 5 20  
40 4 5 21  
40 4 5 22  
40 4 5 23  
40 4 5 24  
40 4 5 25  
40 4 5 26  
40 4 5 27  
40 4 5 28  
40 4 5 29  
40 4 5 30  
40 4 6 1  
40 4 6 2  
40 4 6 3  
40 4 6 4  
40 4 6 5  
40 4 6 6  
40 4 6 7  
40 4 6 8  
40 4 6 9  
40 4 6 10  
40 4 6 11  
40 4 6 12  
40 4 6 13  
40 4 6 14  
40 4 6 15  
40 4 6 16  
40 4 6 17  
40 4 6 18  
40 4 6 19  
40 4 6 20  
40 4 6 21  
40 4 6 22  
40 4 6 23  
40 4 6 24  
40 4 6 25  
40 4 6 26  
40 4 6 27  
40 4 6 28  
40 4 6 29  
40 4 6 30  
40 4 7 1  
40 4 7 2  
40 4 7 3  
40 4 7 4  
40 4 7 5  
40 4 7 6  
40 4 7 7  
40 4 7 8  
40 4 7 9  
40 4 7 10  
40 4 7 11  
40 4 7 12  
40 4 7 13  
40 4 7 14  
40 4 7 15  
40 4 7 16  
40 4 7 17  
40 4 7 18  
40 4 7 19  
40 4 7 20  
40 4 7 21  
40 4 7 22  
40 4 7 23  
40 4 7 24  
40 4 7 25  
40 4 7 26  
40 4 7 27  
40 4 7 28  
40 4 7 29  
40 4 7 30  
40 4 8 1  
40 4 8 2  
40 4 8 3  
40 4 8 4  
40 4 8 5  
40 4 8 6  
40 4 8 7  
40 4 8 8  
40 4 8 9  
40 4 8 10  
40 4 8 11  
40 4 8 12  
40 4 8 13  
40 4 8 14  
40 4 8 15  
40 4 8 16  
40 4 8 17  
40 4 8 18  
40 4 8 19  
40 4 8 20  
40 4 8 21  
40 4 8 22  
40 4 8 23  
40 4 8 24  
40 4 8 25  
40 4 8 26  
40 4 8 27  
40 4 8 28  
40 4 8 29  
40 4 8 30  
40 4 9 1  
40 4 9 2  
40 4 9 3  
40 4 9 4  
40 4 9 5  
40 4 9 6  
40 4 9 7  
40 4 9 8  
40 4 9 9  
40 4 9 10  
40 4 9 11  
40 4 9 12  
40 4 9 13  
40 4 9 14  
40 4 9 15  
40 4 9 16  
40 4 9 17  
40 4 9 18  
40 4 9 19  
40 4 9 20  
40 4 9 21  
40 4 9 22  
40 4 9 23  
40 4 9 24  
40 4 9 25  
40 4 9 26  
40 4 9 27  
40 4 9 28  
40 4 9 29  
40 4 9 30  
40 4 10 1  
40 4 10 2  
40 4 10 3  
40 4 10 4  
40 4 10 5  
40 4 10 6  
40 4 10 7  
40 4 10 8  
40 4 10 9  
40 4 10 10  
40 4 10 11  
40 4 10 12  
40 4 10 13  
40 4 10 14  
40 4 10 15  
40 4 10 16  
40 4 10 17  
40 4 10 18  
40 4 10 19  
40 4 10 20  
40 4 10 21  
40 4 10 22  
40 4 10 23  
40 4 10 24  
40 4 10 25  
40 4 10 26  
40 4 10 27  
40 4 10 28  
40 4 10 29  
40 4 10 30  
41 4 1 1  
41 4 1 2  
41 4 1 3  
41 4 1 4  
41 4 1 5  
41 4 1 6  
41 4 1 7  
41 4 1 8  
41 4 1 9  
41 4 1 10  
41 4 1 11  
41 4 1 12  
41 4 1 13  
41 4 1 14  
41 4 1 15  
41 4 1 16  
41 4 1 17  
41 4 1 18  
41 4 1 19  
41 4 1 20  
41 4 1 21  
41 4 1 22  
41 4 1 23  
41 4 1 24  
41 4 1 25  
41 4 1 26  
41 4 1 27  
41 4 1 28  
41 4 1 29  
41 4 1 30  
41 4 2 1  
41 4 2 2  
41 4 2 3  
41 4 2 4  
41 4 2 5  
41 4 2 6  
41 4 2 7  
41 4 2 8  
41 4 2 9  
41 4 2 10  
41 4 2 11  
41 4 2 12  
41 4 2 13  
41 4 2 14  
41 4 2 15  
41 4 2 16  
41 4 2 17  
41 4 2 18  
41 4 2 19  
41 4 2 20  
41 4 2 21  
41 4 2 22  
41 4 2 23  
41 4 2 24  
41 4 2 25  
41 4 2 26  
41 4 2 27  
41 4 2 28  
41 4 2 29  
41 4 2 30  
41 4 3 1  
41 4 3 2  
41 4 3 3  
41 4 3 4  
41 4 3 5  
41 4 3 6  
41 4 3 7  
41 4 3 8  
41 4 3 9  
41 4 3 10  
41 4 3 11  
41 4 3 12  
41 4 3 13  
41 4 3 14  
41 4 3 15  
41 4 3 16  
41 4 3 17  
41 4 3 18  
41 4 3 19  
41 4 3 20  
41 4 3 21  
41 4 3 22  
41 4 3 23  
41 4 3 24  
41 4 3 25  
41 4 3 26  
41 4 3 27  
41 4 3 28  
41 4 3 29  
41 4 3 30  
41 4 4 1  
41 4 4 2  
41 4 4 3  
41 4 4 4  
41 4 4 5  
41 4 4 6  
41 4 4 7  
41 4 4 8  
41 4 4 9  
41 4 4 10  
41 4 4 11  
41 4 4 12  
41 4 4 13  
41 4 4 14  
41 4 4 15  
41 4 4 16  
41 4 4 17  
41 4 4 18  
41 4 4 19  
41 4 4 20  
41 4 4 21  
41 4 4 22  
41 4 4 23  
41 4 4 24  
41 4 4 25  
41 4 4 26  
41 4 4 27  
41 4 4 28  
41 4 4 29  
41 4 4 30  
41 4 5 1  
41 4 5 2  
41 4 5 3  
41 4 5 4  
41 4 5 5  
41 4 5 6  
41 4 5 7  
41 4 5 8  
41 4 5 9  
41 4 5 10  
41 4 5 11  
41 4 5 12  
41 4 5 13  
41 4 5 14  
41 4 5 15  
41 4 5 16  
41 4 5 17  
41 4 5 18  
41 4 5 19  
41 4 5 20  
41 4 5 21  
41 4 5 22  
41 4 5 23  
41 4 5 24  
41 4 5 25  
41 4 5 26  
41 4 5 27  
41 4 5 28  
41 4 5 29  
41 4 5 30  
41 4 6 1  
41 4 6 2  
41 4 6 3  
41 4 6 4  
41 4 6 5  
41 4 6 6  
41 4 6 7  
41 4 6 8  
41 4 6 9  
41 4 6 10  
41 4 6 11  
41 4 6 12  
41 4 6 13  
41 4 6 14  
41 4 6 15  
41 4 6 16  
41 4 6 17  
41 4 6 18  
41 4 6 19  
41 4 6 20  
41 4 6 21  
41 4 6 22  
41 4 6 23  
41 4 6 24  
41 4 6 25  
41 4 6 26  
41 4 6 27  
41 4 6 28  
41 4 6 29  
41 4 6 30  
41 4 7 1  
41 4 7 2  
41 4 7 3  
41 4 7 4  
41 4 7 5  
41 4 7 6  
41 4 7 7  
41 4 7 8  
41 4 7 9  
41 4 7 10  
41 4 7 11  
41 4 7 12  
41 4 7 13  
41 4 7 14  
41 4 7 15  
41 4 7 16  
41 4 7 17  
41 4 7 18  
41 4 7 19  
41 4 7 20  
41 4 7 21  
41 4 7 22  
41 4 7 23  
41 4 7 24  
41 4 7 25  
41 4 7 26  
41 4 7 27  
41 4 7 28  
41 4 7 29  
41 4 7 30  
41 4 8 1  
41 4 8 2  
41 4 8 3  
41 4 8 4  
41 4 8 5  
41 4 8 6  
41 4 8 7  
41 4 8 8  
41 4 8 9  
41 4 8 10  
41 4 8 11  
41 4 8 12  
41 4 8 13  
41 4 8 14  
41 4 8 15  
41 4 8 16  
41 4 8 17  
41 4 8 18  
41 4 8 19  
41 4 8 20  
41 4 8 21  
41 4 8 22  
41 4 8 23  
41 4 8 24  
41 4 8 25  
41 4 8 26  
41 4 8 27  
41 4 8 28  
41 4 8 29  
41 4 8 30  
41 4 9 1  
41 4 9 2  
41 4 9 3  
41 4 9 4  
41 4 9 5  
41 4 9 6  
41 4 9 7  
41 4 9 8  
41 4 9 9  
41 4 9 10  
41 4 9 11  
41 4 9 12  
41 4 9 13  
41 4 9 14  
41 4 9 15  
41 4 9 16  
41 4 9 17  
41 4 9 18  
41 4 9 19  
41 4 9 20  
41 4 9 21  
41 4 9 22  
41 4 9 23  
41 4 9 24  
41 4 9 25  
41 4 9 26  
41 4 9 27  
41 4 9 28  
41 4 9 29  
41 4 9 30  
41 4 10 1  
41 4 10 2  
41 4 10 3  
41 4 10 4  
41 4 10 5  
41 4 10 6  
41 4 10 7  
41 4 10 8  
41 4 10 9  
41 4 10 10  
41 4 10 11  
41 4 10 12  
41 4 10 13  
41 4 10 14  
41 4 10 15  
41 4 10 16  
41 4 10 17  
41 4 10 18  
41 4 10 19  
41 4 10 20  
41 4 10 21  
41 4 10 22  
41 4 10 23  
41 4 10 24  
41 4 10 25  
41 4 10 26  
41 4 10 27  
41 4 10 28  
41 4 10 29  
41 4 10 30  
42 4 1 1  
42 4 1 2  
42 4 1 3  
42 4 1 4  
42 4 1 5  
42 4 1 6  
42 4 1 7  
42 4 1 8  
42 4 1 9  
42 4 1 10  
42 4 1 11  
42 4 1 12  
42 4 1 13  
42 4 1 14  
42 4 1 15  
42 4 1 16  
42 4 1 17  
42 4 1 18  
42 4 1 19  
42 4 1 20  
42 4 1 21  
42 4 1 22  
42 4 1 23  
42 4 1 24  
42 4 1 25  
42 4 1 26  
42 4 1 27  
42 4 1 28  
42 4 1 29  
42 4 1 30  
42 4 2 1  
42 4 2 2  
42 4 2 3  
42 4 2 4  
42 4 2 5  
42 4 2 6  
42 4 2 7  
42 4 2 8  
42 4 2 9  
42 4 2 10  
42 4 2 11  
42 4 2 12  
42 4 2 13  
42 4 2 14  
42 4 2 15  
42 4 2 16  
42 4 2 17  
42 4 2 18  
42 4 2 19  
42 4 2 20  
42 4 2 21  
42 4 2 22  
42 4 2 23  
42 4 2 24  
42 4 2 25  
42 4 2 26  
42 4 2 27  
42 4 2 28  
42 4 2 29  
42 4 2 30  
42 4 3 1  
42 4 3 2  
42 4 3 3  
42 4 3 4  
42 4 3 5  
42 4 3 6  
42 4 3 7  
42 4 3 8  
42 4 3 9  
42 4 3 10  
42 4 3 11  
42 4 3 12  
42 4 3 13  
42 4 3 14  
42 4 3 15  
42 4 3 16  
42 4 3 17  
42 4 3 18  
42 4 3 19  
42 4 3 20  
42 4 3 21  
42 4 3 22  
42 4 3 23  
42 4 3 24  
42 4 3 25  
42 4 3 26  
42 4 3 27  
42 4 3 28  
42 4 3 29  
42 4 3 30  
42 4 4 1  
42 4 4 2  
42 4 4 3  
42 4 4 4  
42 4 4 5  
42 4 4 6  
42 4 4 7  
42 4 4 8  
42 4 4 9  
42 4 4 10  
42 4 4 11  
42 4 4 12  
42 4 4 13  
42 4 4 14  
42 4 4 15  
42 4 4 16  
42 4 4 17  
42 4 4 18  
42 4 4 19  
42 4 4 20  
42 4 4 21  
42 4 4 22  
42 4 4 23  
42 4 4 24  
42 4 4 25  
42 4 4 26  
42 4 4 27  
42 4 4 28  
42 4 4 29  
42 4 4 30  
42 4 5 1  
42 4 5 2  
42 4 5 3  
42 4 5 4  
42 4 5 5  
42 4 5 6  
42 4 5 7  
42 4 5 8  
42 4 5 9  
42 4 5 10  
42 4 5 11  
42 4 5 12  
42 4 5 13  
42 4 5 14  
42 4 5 15  
42 4 5 16  
42 4 5 17  
42 4 5 18  
42 4 5 19  
42 4 5 20  
42 4 5 21  
42 4 5 22  
42 4 5 23  
42 4 5 24  
42 4 5 25  
42 4 5 26  
42 4 5 27  
42 4 5 28  
42 4 5 29  
42 4 5 30  
42 4 6 1  
42 4 6 2  
42 4 6 3  
42 4 6 4  
42 4 6 5  
42 4 6 6  
42 4 6 7  
42 4 6 8  
42 4 6 9  
42 4 6 10  
42 4 6 11  
42 4 6 12  
42 4 6 13  
42 4 6 14  
42 4 6 15  
42 4 6 16  
42 4 6 17  
42 4 6 18  
42 4 6 19  
42 4 6 20  
42 4 6 21  
42 4 6 22  
42 4 6 23  
42 4 6 24  
42 4 6 25  
42 4 6 26  
42 4 6 27  
42 4 6 28  
42 4 6 29  
42 4 6 30  
42 4 7 1  
42 4 7 2  
42 4 7 3  
42 4 7 4  
42 4 7 5  
42 4 7 6  
42 4 7 7  
42 4 7 8  
42 4 7 9  
42 4 7 10  
42 4 7 11  
42 4 7 12  
42 4 7 13  
42 4 7 14  
42 4 7 15  
42 4 7 16  
42 4 7 17  
42 4 7 18  
42 4 7 19  
42 4 7 20  
42 4 7 21  
42 4 7 22  
42 4 7 23  
42 4 7 24  
42 4 7 25  
42 4 7 26  
42 4 7 27  
42 4 7 28  
42 4 7 29  
42 4 7 30  
42 4 8 1  
42 4 8 2  
42 4 8 3  
42 4 8 4  
42 4 8 5  
42 4 8 6  
42 4 8 7  
42 4 8 8  
42 4 8 9  
42 4 8 10  
42 4 8 11  
42 4 8 12  
42 4 8 13  
42 4 8 14  
42 4 8 15  
42 4 8 16  
42 4 8 17  
42 4 8 18  
42 4 8 19  
42 4 8 20  
42 4 8 21  
42 4 8 22  
42 4 8 23  
42 4 8 24  
42 4 8 25  
42 4 8 26  
42 4 8 27  
42 4 8 28  
42 4 8 29  
42 4 8 30  
42 4 9 1  
42 4 9 2  
42 4 9 3  
42 4 9 4  
42 4 9 5  
42 4 9 6  
42 4 9 7  
42 4 9 8  
42 4 9 9  
42 4 9 10  
42 4 9 11  
42 4 9 12  
42 4 9 13  
42 4 9 14  
42 4 9 15  
42 4 9 16  
42 4 9 17  
42 4 9 18  
42 4 9 19  
42 4 9 20  
42 4 9 21  
42 4 9 22  
42 4 9 23  
42 4 9 24  
42 4 9 25  
42 4 9 26  
42 4 9 27  
42 4 9 28  
42 4 9 29  
42 4 9 30  
42 4 10 1  
42 4 10 2  
42 4 10 3  
42 4 10 4  
42 4 10 5  
42 4 10 6  
42 4 10 7  
42 4 10 8  
42 4 10 9  
42 4 10 10  
42 4 10 11  
42 4 10 12  
42 4 10 13  
42 4 10 14  
42 4 10 15  
42 4 10 16  
42 4 10 17  
42 4 10 18  
42 4 10 19  
42 4 10 20  
42 4 10 21  
42 4 10 22  
42 4 10 23  
42 4 10 24  
42 4 10 25  
42 4 10 26  
42 4 10 27  
42 4 10 28  
42 4 10 29  
42 4 10 30  
43 4 1 1  
43 4 1 2  
43 4 1 3  
43 4 1 4  
43 4 1 5  
43 4 1 6  
43 4 1 7  
43 4 1 8  
43 4 1 9  
43 4 1 10  
43 4 1 11  
43 4 1 12  
43 4 1 13  
43 4 1 14  
43 4 1 15  
43 4 1 16  
43 4 1 17  
43 4 1 18  
43 4 1 19  
43 4 1 20  
43 4 1 21  
43 4 1 22  
43 4 1 23  
43 4 1 24  
43 4 1 25  
43 4 1 26  
43 4 1 27  
43 4 1 28  
43 4 1 29  
43 4 1 30  
43 4 2 1  
43 4 2 2  
43 4 2 3  
43 4 2 4  
43 4 2 5  
43 4 2 6  
43 4 2 7  
43 4 2 8  
43 4 2 9  
43 4 2 10  
43 4 2 11  
43 4 2 12  
43 4 2 13  
43 4 2 14  
43 4 2 15  
43 4 2 16  
43 4 2 17  
43 4 2 18  
43 4 2 19  
43 4 2 20  
43 4 2 21  
43 4 2 22  
43 4 2 23  
43 4 2 24  
43 4 2 25  
43 4 2 26  
43 4 2 27  
43 4 2 28  
43 4 2 29  
43 4 2 30  
43 4 3 1  
43 4 3 2  
43 4 3 3  
43 4 3 4  
43 4 3 5  
43 4 3 6  
43 4 3 7  
43 4 3 8  
43 4 3 9  
43 4 3 10  
43 4 3 11  
43 4 3 12  
43 4 3 13  
43 4 3 14  
43 4 3 15  
43 4 3 16  
43 4 3 17  
43 4 3 18  
43 4 3 19  
43 4 3 20  
43 4 3 21  
43 4 3 22  
43 4 3 23  
43 4 3 24  
43 4 3 25  
43 4 3 26  
43 4 3 27  
43 4 3 28  
43 4 3 29  
43 4 3 30  
43 4 4 1  
43 4 4 2  
43 4 4 3  
43 4 4 4  
43 4 4 5  
43 4 4 6  
43 4 4 7  
43 4 4 8  
43 4 4 9  
43 4 4 10  
43 4 4 11  
43 4 4 12  
43 4 4 13  
43 4 4 14  
43 4 4 15  
43 4 4 16  
43 4 4 17  
43 4 4 18  
43 4 4 19  
43 4 4 20  
43 4 4 21  
43 4 4 22  
43 4 4 23  
43 4 4 24  
43 4 4 25  
43 4 4 26  
43 4 4 27  
43 4 4 28  
43 4 4 29  
43 4 4 30  
43 4 5 1  
43 4 5 2  
43 4 5 3  
43 4 5 4  
43 4 5 5  
43 4 5 6  
43 4 5 7  
43 4 5 8  
43 4 5 9  
43 4 5 10  
43 4 5 11  
43 4 5 12  
43 4 5 13  
43 4 5 14  
43 4 5 15  
43 4 5 16  
43 4 5 17  
43 4 5 18  
43 4 5 19  
43 4 5 20  
43 4 5 21  
43 4 5 22  
43 4 5 23  
43 4 5 24  
43 4 5 25  
43 4 5 26  
43 4 5 27  
43 4 5 28  
43 4 5 29  
43 4 5 30  
43 4 6 1  
43 4 6 2  
43 4 6 3  
43 4 6 4  
43 4 6 5  
43 4 6 6  
43 4 6 7  
43 4 6 8  
43 4 6 9  
43 4 6 10  
43 4 6 11  
43 4 6 12  
43 4 6 13  
43 4 6 14  
43 4 6 15  
43 4 6 16  
43 4 6 17  
43 4 6 18  
43 4 6 19  
43 4 6 20  
43 4 6 21  
43 4 6 22  
43 4 6 23  
43 4 6 24  
43 4 6 25  
43 4 6 26  
43 4 6 27  
43 4 6 28  
43 4 6 29  
43 4 6 30  
43 4 7 1  
43 4 7 2  
43 4 7 3  
43 4 7 4  
43 4 7 5  
43 4 7 6  
43 4 7 7  
43 4 7 8  
43 4 7 9  
43 4 7 10  
43 4 7 11  
43 4 7 12  
43 4 7 13  
43 4 7 14  
43 4 7 15  
43 4 7 16  
43 4 7 17  
43 4 7 18  
43 4 7 19  
43 4 7 20  
43 4 7 21  
43 4 7 22  
43 4 7 23  
43 4 7 24  
43 4 7 25  
43 4 7 26  
43 4 7 27  
43 4 7 28  
43 4 7 29  
43 4 7 30  
43 4 8 1  
43 4 8 2  
43 4 8 3  
43 4 8 4  
43 4 8 5  
43 4 8 6  
43 4 8 7  
43 4 8 8  
43 4 8 9  
43 4 8 10  
43 4 8 11  
43 4 8 12  
43 4 8 13  
43 4 8 14  
43 4 8 15  
43 4 8 16  
43 4 8 17  
43 4 8 18  
43 4 8 19  
43 4 8 20  
43 4 8 21  
43 4 8 22  
43 4 8 23  
43 4 8 24  
43 4 8 25  
43 4 8 26  
43 4 8 27  
43 4 8 28  
43 4 8 29  
43 4 8 30  
43 4 9 1  
43 4 9 2  
43 4 9 3  
43 4 9 4  
43 4 9 5  
43 4 9 6  
43 4 9 7  
43 4 9 8  
43 4 9 9  
43 4 9 10  
43 4 9 11  
43 4 9 12  
43 4 9 13  
43 4 9 14  
43 4 9 15  
43 4 9 16  
43 4 9 17  
43 4 9 18  
43 4 9 19  
43 4 9 20  
43 4 9 21  
43 4 9 22  
43 4 9 23  
43 4 9 24  
43 4 9 25  
43 4 9 26  
43 4 9 27  
43 4 9 28  
43 4 9 29  
43 4 9 30  
43 4 10 1  
43 4 10 2  
43 4 10 3  
43 4 10 4  
43 4 10 5  
43 4 10 6  
43 4 10 7  
43 4 10 8  
43 4 10 9  
43 4 10 10  
43 4 10 11  
43 4 10 12  
43 4 10 13  
43 4 10 14  
43 4 10 15  
43 4 10 16  
43 4 10 17  
43 4 10 18  
43 4 10 19  
43 4 10 20  
43 4 10 21  
43 4 10 22  
43 4 10 23  
43 4 10 24  
43 4 10 25  
43 4 10 26  
43 4 10 27  
43 4 10 28  
43 4 10 29  
43 4 10 30  
44 4 1 1  
44 4 1 2  
44 4 1 3  
44 4 1 4  
44 4 1 5  
44 4 1 6  
44 4 1 7  
44 4 1 8  
44 4 1 9  
44 4 1 10  
44 4 1 11  
44 4 1 12  
44 4 1 13  
44 4 1 14  
44 4 1 15  
44 4 1 16  
44 4 1 17  
44 4 1 18  
44 4 1 19  
44 4 1 20  
44 4 1 21  
44 4 1 22  
44 4 1 23  
44 4 1 24  
44 4 1 25  
44 4 1 26  
44 4 1 27  
44 4 1 28  
44 4 1 29  
44 4 1 30  
44 4 2 1  
44 4 2 2  
44 4 2 3  
44 4 2 4  
44 4 2 5  
44 4 2 6  
44 4 2 7  
44 4 2 8  
44 4 2 9  
44 4 2 10  
44 4 2 11  
44 4 2 12  
44 4 2 13  
44 4 2 14  
44 4 2 15  
44 4 2 16  
44 4 2 17  
44 4 2 18  
44 4 2 19  
44 4 2 20  
44 4 2 21  
44 4 2 22  
44 4 2 23  
44 4 2 24  
44 4 2 25  
44 4 2 26  
44 4 2 27  
44 4 2 28  
44 4 2 29  
44 4 2 30  
44 4 3 1  
44 4 3 2  
44 4 3 3  
44 4 3 4  
44 4 3 5  
44 4 3 6  
44 4 3 7  
44 4 3 8  
44 4 3 9  
44 4 3 10  
44 4 3 11  
44 4 3 12  
44 4 3 13  
44 4 3 14  
44 4 3 15  
44 4 3 16  
44 4 3 17  
44 4 3 18  
44 4 3 19  
44 4 3 20  
44 4 3 21  
44 4 3 22  
44 4 3 23  
44 4 3 24  
44 4 3 25  
44 4 3 26  
44 4 3 27  
44 4 3 28  
44 4 3 29  
44 4 3 30  
44 4 4 1  
44 4 4 2  
44 4 4 3  
44 4 4 4  
44 4 4 5  
44 4 4 6  
44 4 4 7  
44 4 4 8  
44 4 4 9  
44 4 4 10  
44 4 4 11  
44 4 4 12  
44 4 4 13  
44 4 4 14  
44 4 4 15  
44 4 4 16  
44 4 4 17  
44 4 4 18  
44 4 4 19  
44 4 4 20  
44 4 4 21  
44 4 4 22  
44 4 4 23  
44 4 4 24  
44 4 4 25  
44 4 4 26  
44 4 4 27  
44 4 4 28  
44 4 4 29  
44 4 4 30  
44 4 5 1  
44 4 5 2  
44 4 5 3  
44 4 5 4  
44 4 5 5  
44 4 5 6  
44 4 5 7  
44 4 5 8  
44 4 5 9  
44 4 5 10  
44 4 5 11  
44 4 5 12  
44 4 5 13  
44 4 5 14  
44 4 5 15  
44 4 5 16  
44 4 5 17  
44 4 5 18  
44 4 5 19  
44 4 5 20  
44 4 5 21  
44 4 5 22  
44 4 5 23  
44 4 5 24  
44 4 5 25  
44 4 5 26  
44 4 5 27  
44 4 5 28  
44 4 5 29  
44 4 5 30  
44 4 6 1  
44 4 6 2  
44 4 6 3  
44 4 6 4  
44 4 6 5  
44 4 6 6  
44 4 6 7  
44 4 6 8  
44 4 6 9  
44 4 6 10  
44 4 6 11  
44 4 6 12  
44 4 6 13  
44 4 6 14  
44 4 6 15  
44 4 6 16  
44 4 6 17  
44 4 6 18  
44 4 6 19  
44 4 6 20  
44 4 6 21  
44 4 6 22  
44 4 6 23  
44 4 6 24  
44 4 6 25  
44 4 6 26  
44 4 6 27  
44 4 6 28  
44 4 6 29  
44 4 6 30  
44 4 7 1  
44 4 7 2  
44 4 7 3  
44 4 7 4  
44 4 7 5  
44 4 7 6  
44 4 7 7  
44 4 7 8  
44 4 7 9  
44 4 7 10  
44 4 7 11  
44 4 7 12  
44 4 7 13  
44 4 7 14  
44 4 7 15  
44 4 7 16  
44 4 7 17  
44 4 7 18  
44 4 7 19  
44 4 7 20  
44 4 7 21  
44 4 7 22  
44 4 7 23  
44 4 7 24  
44 4 7 25  
44 4 7 26  
44 4 7 27  
44 4 7 28  
44 4 7 29  
44 4 7 30  
44 4 8 1  
44 4 8 2  
44 4 8 3  
44 4 8 4  
44 4 8 5  
44 4 8 6  
44 4 8 7  
44 4 8 8  
44 4 8 9  
44 4 8 10  
44 4 8 11  
44 4 8 12  
44 4 8 13  
44 4 8 14  
44 4 8 15  
44 4 8 16  
44 4 8 17  
44 4 8 18  
44 4 8 19  
44 4 8 20  
44 4 8 21  
44 4 8 22  
44 4 8 23  
44 4 8 24  
44 4 8 25  
44 4 8 26  
44 4 8 27  
44 4 8 28  
44 4 8 29  
44 4 8 30  
44 4 9 1  
44 4 9 2  
44 4 9 3  
44 4 9 4  
44 4 9 5  
44 4 9 6  
44 4 9 7  
44 4 9 8  
44 4 9 9  
44 4 9 10  
44 4 9 11  
44 4 9 12  
44 4 9 13  
44 4 9 14  
44 4 9 15  
44 4 9 16  
44 4 9 17  
44 4 9 18  
44 4 9 19  
44 4 9 20  
44 4 9 21  
44 4 9 22  
44 4 9 23  
44 4 9 24  
44 4 9 25  
44 4 9 26  
44 4 9 27  
44 4 9 28  
44 4 9 29  
44 4 9 30  
44 4 10 1  
44 4 10 2  
44 4 10 3  
44 4 10 4  
44 4 10 5  
44 4 10 6  
44 4 10 7  
44 4 10 8  
44 4 10 9  
44 4 10 10  
44 4 10 11  
44 4 10 12  
44 4 10 13  
44 4 10 14  
44 4 10 15  
44 4 10 16  
44 4 10 17  
44 4 10 18  
44 4 10 19  
44 4 10 20  
44 4 10 21  
44 4 10 22  
44 4 10 23  
44 4 10 24  
44 4 10 25  
44 4 10 26  
44 4 10 27  
44 4 10 28  
44 4 10 29  
44 4 10 30  
45 4 1 1  
45 4 1 2  
45 4 1 3  
45 4 1 4  
45 4 1 5  
45 4 1 6  
45 4 1 7  
45 4 1 8  
45 4 1 9  
45 4 1 10  
45 4 1 11  
45 4 1 12  
45 4 1 13  
45 4 1 14  
45 4 1 15  
45 4 1 16  
45 4 1 17  
45 4 1 18  
45 4 1 19  
45 4 1 20  
45 4 1 21  
45 4 1 22  
45 4 1 23  
45 4 1 24  
45 4 1 25  
45 4 1 26  
45 4 1 27  
45 4 1 28  
45 4 1 29  
45 4 1 30  
45 4 2 1  
45 4 2 2  
45 4 2 3  
45 4 2 4  
45 4 2 5  
45 4 2 6  
45 4 2 7  
45 4 2 8  
45 4 2 9  
45 4 2 10  
45 4 2 11  
45 4 2 12  
45 4 2 13  
45 4 2 14  
45 4 2 15  
45 4 2 16  
45 4 2 17  
45 4 2 18  
45 4 2 19  
45 4 2 20  
45 4 2 21  
45 4 2 22  
45 4 2 23  
45 4 2 24  
45 4 2 25  
45 4 2 26  
45 4 2 27  
45 4 2 28  
45 4 2 29  
45 4 2 30  
45 4 3 1  
45 4 3 2  
45 4 3 3  
45 4 3 4  
45 4 3 5  
45 4 3 6  
45 4 3 7  
45 4 3 8  
45 4 3 9  
45 4 3 10  
45 4 3 11  
45 4 3 12  
45 4 3 13  
45 4 3 14  
45 4 3 15  
45 4 3 16  
45 4 3 17  
45 4 3 18  
45 4 3 19  
45 4 3 20  
45 4 3 21  
45 4 3 22  
45 4 3 23  
45 4 3 24  
45 4 3 25  
45 4 3 26  
45 4 3 27  
45 4 3 28  
45 4 3 29  
45 4 3 30  
45 4 4 1  
45 4 4 2  
45 4 4 3  
45 4 4 4  
45 4 4 5  
45 4 4 6  
45 4 4 7  
45 4 4 8  
45 4 4 9  
45 4 4 10  
45 4 4 11  
45 4 4 12  
45 4 4 13  
45 4 4 14  
45 4 4 15  
45 4 4 16  
45 4 4 17  
45 4 4 18  
45 4 4 19  
45 4 4 20  
45 4 4 21  
45 4 4 22  
45 4 4 23  
45 4 4 24  
45 4 4 25  
45 4 4 26  
45 4 4 27  
45 4 4 28  
45 4 4 29  
45 4 4 30  
45 4 5 1  
45 4 5 2  
45 4 5 3  
45 4 5 4  
45 4 5 5  
45 4 5 6  
45 4 5 7  
45 4 5 8  
45 4 5 9  
45 4 5 10  
45 4 5 11  
45 4 5 12  
45 4 5 13  
45 4 5 14  
45 4 5 15  
45 4 5 16  
45 4 5 17  
45 4 5 18  
45 4 5 19  
45 4 5 20  
45 4 5 21  
45 4 5 22  
45 4 5 23  
45 4 5 24  
45 4 5 25  
45 4 5 26  
45 4 5 27  
45 4 5 28  
45 4 5 29  
45 4 5 30  
45 4 6 1  
45 4 6 2  
45 4 6 3  
45 4 6 4  
45 4 6 5  
45 4 6 6  
45 4 6 7  
45 4 6 8  
45 4 6 9  
45 4 6 10  
45 4 6 11  
45 4 6 12  
45 4 6 13  
45 4 6 14  
45 4 6 15  
45 4 6 16  
45 4 6 17  
45 4 6 18  
45 4 6 19  
45 4 6 20  
45 4 6 21  
45 4 6 22  
45 4 6 23  
45 4 6 24  
45 4 6 25  
45 4 6 26  
45 4 6 27  
45 4 6 28  
45 4 6 29  
45 4 6 30  
45 4 7 1  
45 4 7 2  
45 4 7 3  
45 4 7 4  
45 4 7 5  
45 4 7 6  
45 4 7 7  
45 4 7 8  
45 4 7 9  
45 4 7 10  
45 4 7 11  
45 4 7 12  
45 4 7 13  
45 4 7 14  
45 4 7 15  
45 4 7 16  
45 4 7 17  
45 4 7 18  
45 4 7 19  
45 4 7 20  
45 4 7 21  
45 4 7 22  
45 4 7 23  
45 4 7 24  
45 4 7 25  
45 4 7 26  
45 4 7 27  
45 4 7 28  
45 4 7 29  
45 4 7 30  
45 4 8 1  
45 4 8 2  
45 4 8 3  
45 4 8 4  
45 4 8 5  
45 4 8 6  
45 4 8 7  
45 4 8 8  
45 4 8 9  
45 4 8 10  
45 4 8 11  
45 4 8 12  
45 4 8 13  
45 4 8 14  
45 4 8 15  
45 4 8 16  
45 4 8 17  
45 4 8 18  
45 4 8 19  
45 4 8 20  
45 4 8 21  
45 4 8 22  
45 4 8 23  
45 4 8 24  
45 4 8 25  
45 4 8 26  
45 4 8 27  
45 4 8 28  
45 4 8 29  
45 4 8 30  
45 4 9 1  
45 4 9 2  
45 4 9 3  
45 4 9 4  
45 4 9 5  
45 4 9 6  
45 4 9 7  
45 4 9 8  
45 4 9 9  
45 4 9 10  
45 4 9 11  
45 4 9 12  
45 4 9 13  
45 4 9 14  
45 4 9 15  
45 4 9 16  
45 4 9 17  
45 4 9 18  
45 4 9 19  
45 4 9 20  
45 4 9 21  
45 4 9 22  
45 4 9 23  
45 4 9 24  
45 4 9 25  
45 4 9 26  
45 4 9 27  
45 4 9 28  
45 4 9 29  
45 4 9 30  
45 4 10 1  
45 4 10 2  
45 4 10 3  
45 4 10 4  
45 4 10 5  
45 4 10 6  
45 4 10 7  
45 4 10 8  
45 4 10 9  
45 4 10 10  
45 4 10 11  
45 4 10 12  
45 4 10 13  
45 4 10 14  
45 4 10 15  
45 4 10 16  
45 4 10 17  
45 4 10 18  
45 4 10 19  
45 4 10 20  
45 4 10 21  
45 4 10 22  
45 4 10 23  
45 4 10 24  
45 4 10 25  
45 4 10 26  
45 4 10 27  
45 4 10 28  
45 4 10 29  
45 4 10 30  
46 4 1 1  
46 4 1 2  
46 4 1 3  
46 4 1 4  
46 4 1 5  
46 4 1 6  
46 4 1 7  
46 4 1 8  
46 4 1 9  
46 4 1 10  
46 4 1 11  
46 4 1 12  
46 4 1 13  
46 4 1 14  
46 4 1 15  
46 4 1 16  
46 4 1 17  
46 4 1 18  
46 4 1 19  
46 4 1 20  
46 4 1 21  
46 4 1 22  
46 4 1 23  
46 4 1 24  
46 4 1 25  
46 4 1 26  
46 4 1 27  
46 4 1 28  
46 4 1 29  
46 4 1 30  
46 4 2 1  
46 4 2 2  
46 4 2 3  
46 4 2 4  
46 4 2 5  
46 4 2 6  
46 4 2 7  
46 4 2 8  
46 4 2 9  
46 4 2 10  
46 4 2 11  
46 4 2 12  
46 4 2 13  
46 4 2 14  
46 4 2 15  
46 4 2 16  
46 4 2 17  
46 4 2 18  
46 4 2 19  
46 4 2 20  
46 4 2 21  
46 4 2 22  
46 4 2 23  
46 4 2 24  
46 4 2 25  
46 4 2 26  
46 4 2 27  
46 4 2 28  
46 4 2 29  
46 4 2 30  
46 4 3 1  
46 4 3 2  
46 4 3 3  
46 4 3 4  
46 4 3 5  
46 4 3 6  
46 4 3 7  
46 4 3 8  
46 4 3 9  
46 4 3 10  
46 4 3 11  
46 4 3 12  
46 4 3 13  
46 4 3 14  
46 4 3 15  
46 4 3 16  
46 4 3 17  
46 4 3 18  
46 4 3 19  
46 4 3 20  
46 4 3 21  
46 4 3 22  
46 4 3 23  
46 4 3 24  
46 4 3 25  
46 4 3 26  
46 4 3 27  
46 4 3 28  
46 4 3 29  
46 4 3 30  
46 4 4 1  
46 4 4 2  
46 4 4 3  
46 4 4 4  
46 4 4 5  
46 4 4 6  
46 4 4 7  
46 4 4 8  
46 4 4 9  
46 4 4 10  
46 4 4 11  
46 4 4 12  
46 4 4 13  
46 4 4 14  
46 4 4 15  
46 4 4 16  
46 4 4 17  
46 4 4 18  
46 4 4 19  
46 4 4 20  
46 4 4 21  
46 4 4 22  
46 4 4 23  
46 4 4 24  
46 4 4 25  
46 4 4 26  
46 4 4 27  
46 4 4 28  
46 4 4 29  
46 4 4 30  
46 4 5 1  
46 4 5 2  
46 4 5 3  
46 4 5 4  
46 4 5 5  
46 4 5 6  
46 4 5 7  
46 4 5 8  
46 4 5 9  
46 4 5 10  
46 4 5 11  
46 4 5 12  
46 4 5 13  
46 4 5 14  
46 4 5 15  
46 4 5 16  
46 4 5 17  
46 4 5 18  
46 4 5 19  
46 4 5 20  
46 4 5 21  
46 4 5 22  
46 4 5 23  
46 4 5 24  
46 4 5 25  
46 4 5 26  
46 4 5 27  
46 4 5 28  
46 4 5 29  
46 4 5 30  
46 4 6 1  
46 4 6 2  
46 4 6 3  
46 4 6 4  
46 4 6 5  
46 4 6 6  
46 4 6 7  
46 4 6 8  
46 4 6 9  
46 4 6 10  
46 4 6 11  
46 4 6 12  
46 4 6 13  
46 4 6 14  
46 4 6 15  
46 4 6 16  
46 4 6 17  
46 4 6 18  
46 4 6 19  
46 4 6 20  
46 4 6 21  
46 4 6 22  
46 4 6 23  
46 4 6 24  
46 4 6 25  
46 4 6 26  
46 4 6 27  
46 4 6 28  
46 4 6 29  
46 4 6 30  
46 4 7 1  
46 4 7 2  
46 4 7 3  
46 4 7 4  
46 4 7 5  
46 4 7 6  
46 4 7 7  
46 4 7 8  
46 4 7 9  
46 4 7 10  
46 4 7 11  
46 4 7 12  
46 4 7 13  
46 4 7 14  
46 4 7 15  
46 4 7 16  
46 4 7 17  
46 4 7 18  
46 4 7 19  
46 4 7 20  
46 4 7 21  
46 4 7 22  
46 4 7 23  
46 4 7 24  
46 4 7 25  
46 4 7 26  
46 4 7 27  
46 4 7 28  
46 4 7 29  
46 4 7 30  
46 4 8 1  
46 4 8 2  
46 4 8 3  
46 4 8 4  
46 4 8 5  
46 4 8 6  
46 4 8 7  
46 4 8 8  
46 4 8 9  
46 4 8 10  
46 4 8 11  
46 4 8 12  
46 4 8 13  
46 4 8 14  
46 4 8 15  
46 4 8 16  
46 4 8 17  
46 4 8 18  
46 4 8 19  
46 4 8 20  
46 4 8 21  
46 4 8 22  
46 4 8 23  
46 4 8 24  
46 4 8 25  
46 4 8 26  
46 4 8 27  
46 4 8 28  
46 4 8 29  
46 4 8 30  
46 4 9 1  
46 4 9 2  
46 4 9 3  
46 4 9 4  
46 4 9 5  
46 4 9 6  
46 4 9 7  
46 4 9 8  
46 4 9 9  
46 4 9 10  
46 4 9 11  
46 4 9 12  
46 4 9 13  
46 4 9 14  
46 4 9 15  
46 4 9 16  
46 4 9 17  
46 4 9 18  
46 4 9 19  
46 4 9 20  
46 4 9 21  
46 4 9 22  
46 4 9 23  
46 4 9 24  
46 4 9 25  
46 4 9 26  
46 4 9 27  
46 4 9 28  
46 4 9 29  
46 4 9 30  
46 4 10 1  
46 4 10 2  
46 4 10 3  
46 4 10 4  
46 4 10 5  
46 4 10 6  
46 4 10 7  
46 4 10 8  
46 4 10 9  
46 4 10 10  
46 4 10 11  
46 4 10 12  
46 4 10 13  
46 4 10 14  
46 4 10 15  
46 4 10 16  
46 4 10 17  
46 4 10 18  
46 4 10 19  
46 4 10 20  
46 4 10 21  
46 4 10 22  
46 4 10 23  
46 4 10 24  
46 4 10 25  
46 4 10 26  
46 4 10 27  
46 4 10 28  
46 4 10 29  
46 4 10 30  
47 4 1 1  
47 4 1 2  
47 4 1 3  
47 4 1 4  
47 4 1 5  
47 4 1 6  
47 4 1 7  
47 4 1 8  
47 4 1 9  
47 4 1 10  
47 4 1 11  
47 4 1 12  
47 4 1 13  
47 4 1 14  
47 4 1 15  
47 4 1 16  
47 4 1 17  
47 4 1 18  
47 4 1 19  
47 4 1 20  
47 4 1 21  
47 4 1 22  
47 4 1 23  
47 4 1 24  
47 4 1 25  
47 4 1 26  
47 4 1 27  
47 4 1 28  
47 4 1 29  
47 4 1 30  
47 4 2 1  
47 4 2 2  
47 4 2 3  
47 4 2 4  
47 4 2 5  
47 4 2 6  
47 4 2 7  
47 4 2 8  
47 4 2 9  
47 4 2 10  
47 4 2 11  
47 4 2 12  
47 4 2 13  
47 4 2 14  
47 4 2 15  
47 4 2 16  
47 4 2 17  
47 4 2 18  
47 4 2 19  
47 4 2 20  
47 4 2 21  
47 4 2 22  
47 4 2 23  
47 4 2 24  
47 4 2 25  
47 4 2 26  
47 4 2 27  
47 4 2 28  
47 4 2 29  
47 4 2 30  
47 4 3 1  
47 4 3 2  
47 4 3 3  
47 4 3 4  
47 4 3 5  
47 4 3 6  
47 4 3 7  
47 4 3 8  
47 4 3 9  
47 4 3 10  
47 4 3 11  
47 4 3 12  
47 4 3 13  
47 4 3 14  
47 4 3 15  
47 4 3 16  
47 4 3 17  
47 4 3 18  
47 4 3 19  
47 4 3 20  
47 4 3 21  
47 4 3 22  
47 4 3 23  
47 4 3 24  
47 4 3 25  
47 4 3 26  
47 4 3 27  
47 4 3 28  
47 4 3 29  
47 4 3 30  
47 4 4 1  
47 4 4 2  
47 4 4 3  
47 4 4 4  
47 4 4 5  
47 4 4 6  
47 4 4 7  
47 4 4 8  
47 4 4 9  
47 4 4 10  
47 4 4 11  
47 4 4 12  
47 4 4 13  
47 4 4 14  
47 4 4 15  
47 4 4 16  
47 4 4 17  
47 4 4 18  
47 4 4 19  
47 4 4 20  
47 4 4 21  
47 4 4 22  
47 4 4 23  
47 4 4 24  
47 4 4 25  
47 4 4 26  
47 4 4 27  
47 4 4 28  
47 4 4 29  
47 4 4 30  
47 4 5 1  
47 4 5 2  
47 4 5 3  
47 4 5 4  
47 4 5 5  
47 4 5 6  
47 4 5 7  
47 4 5 8  
47 4 5 9  
47 4 5 10  
47 4 5 11  
47 4 5 12  
47 4 5 13  
47 4 5 14  
47 4 5 15  
47 4 5 16  
47 4 5 17  
47 4 5 18  
47 4 5 19  
47 4 5 20  
47 4 5 21  
47 4 5 22  
47 4 5 23  
47 4 5 24  
47 4 5 25  
47 4 5 26  
47 4 5 27  
47 4 5 28  
47 4 5 29  
47 4 5 30  
47 4 6 1  
47 4 6 2  
47 4 6 3  
47 4 6 4  
47 4 6 5  
47 4 6 6  
47 4 6 7  
47 4 6 8  
47 4 6 9  
47 4 6 10  
47 4 6 11  
47 4 6 12  
47 4 6 13  
47 4 6 14  
47 4 6 15  
47 4 6 16  
47 4 6 17  
47 4 6 18  
47 4 6 19  
47 4 6 20  
47 4 6 21  
47 4 6 22  
47 4 6 23  
47 4 6 24  
47 4 6 25  
47 4 6 26  
47 4 6 27  
47 4 6 28  
47 4 6 29  
47 4 6 30  
47 4 7 1  
47 4 7 2  
47 4 7 3  
47 4 7 4  
47 4 7 5  
47 4 7 6  
47 4 7 7  
47 4 7 8  
47 4 7 9  
47 4 7 10  
47 4 7 11  
47 4 7 12  
47 4 7 13  
47 4 7 14  
47 4 7 15  
47 4 7 16  
47 4 7 17  
47 4 7 18  
47 4 7 19  
47 4 7 20  
47 4 7 21  
47 4 7 22  
47 4 7 23  
47 4 7 24  
47 4 7 25  
47 4 7 26  
47 4 7 27  
47 4 7 28  
47 4 7 29  
47 4 7 30  
47 4 8 1  
47 4 8 2  
47 4 8 3  
47 4 8 4  
47 4 8 5  
47 4 8 6  
47 4 8 7  
47 4 8 8  
47 4 8 9  
47 4 8 10  
47 4 8 11  
47 4 8 12  
47 4 8 13  
47 4 8 14  
47 4 8 15  
47 4 8 16  
47 4 8 17  
47 4 8 18  
47 4 8 19  
47 4 8 20  
47 4 8 21  
47 4 8 22  
47 4 8 23  
47 4 8 24  
47 4 8 25  
47 4 8 26  
47 4 8 27  
47 4 8 28  
47 4 8 29  
47 4 8 30  
47 4 9 1  
47 4 9 2  
47 4 9 3  
47 4 9 4  
47 4 9 5  
47 4 9 6  
47 4 9 7  
47 4 9 8  
47 4 9 9  
47 4 9 10  
47 4 9 11  
47 4 9 12  
47 4 9 13  
47 4 9 14  
47 4 9 15  
47 4 9 16  
47 4 9 17  
47 4 9 18  
47 4 9 19  
47 4 9 20  
47 4 9 21  
47 4 9 22  
47 4 9 23  
47 4 9 24  
47 4 9 25  
47 4 9 26  
47 4 9 27  
47 4 9 28  
47 4 9 29  
47 4 9 30  
47 4 10 1  
47 4 10 2  
47 4 10 3  
47 4 10 4  
47 4 10 5  
47 4 10 6  
47 4 10 7  
47 4 10 8  
47 4 10 9  
47 4 10 10  
47 4 10 11  
47 4 10 12  
47 4 10 13  
47 4 10 14  
47 4 10 15  
47 4 10 16  
47 4 10 17  
47 4 10 18  
47 4 10 19  
47 4 10 20  
47 4 10 21  
47 4 10 22  
47 4 10 23  
47 4 10 24  
47 4 10 25  
47 4 10 26  
47 4 10 27  
47 4 10 28  
47 4 10 29  
47 4 10 30  
48 4 1 1  
48 4 1 2  
48 4 1 3  
48 4 1 4  
48 4 1 5  
48 4 1 6  
48 4 1 7  
48 4 1 8  
48 4 1 9  
48 4 1 10  
48 4 1 11  
48 4 1 12  
48 4 1 13  
48 4 1 14  
48 4 1 15  
48 4 1 16  
48 4 1 17  
48 4 1 18  
48 4 1 19  
48 4 1 20  
48 4 1 21  
48 4 1 22  
48 4 1 23  
48 4 1 24  
48 4 1 25  
48 4 1 26  
48 4 1 27  
48 4 1 28  
48 4 1 29  
48 4 1 30  
48 4 2 1  
48 4 2 2  
48 4 2 3  
48 4 2 4  
48 4 2 5  
48 4 2 6  
48 4 2 7  
48 4 2 8  
48 4 2 9  
48 4 2 10  
48 4 2 11  
48 4 2 12  
48 4 2 13  
48 4 2 14  
48 4 2 15  
48 4 2 16  
48 4 2 17  
48 4 2 18  
48 4 2 19  
48 4 2 20  
48 4 2 21  
48 4 2 22  
48 4 2 23  
48 4 2 24  
48 4 2 25  
48 4 2 26  
48 4 2 27  
48 4 2 28  
48 4 2 29  
48 4 2 30  
48 4 3 1  
48 4 3 2  
48 4 3 3  
48 4 3 4  
48 4 3 5  
48 4 3 6  
48 4 3 7  
48 4 3 8  
48 4 3 9  
48 4 3 10  
48 4 3 11  
48 4 3 12  
48 4 3 13  
48 4 3 14  
48 4 3 15  
48 4 3 16  
48 4 3 17  
48 4 3 18  
48 4 3 19  
48 4 3 20  
48 4 3 21  
48 4 3 22  
48 4 3 23  
48 4 3 24  
48 4 3 25  
48 4 3 26  
48 4 3 27  
48 4 3 28  
48 4 3 29  
48 4 3 30  
48 4 4 1  
48 4 4 2  
48 4 4 3  
48 4 4 4  
48 4 4 5  
48 4 4 6  
48 4 4 7  
48 4 4 8  
48 4 4 9  
48 4 4 10  
48 4 4 11  
48 4 4 12  
48 4 4 13  
48 4 4 14  
48 4 4 15  
48 4 4 16  
48 4 4 17  
48 4 4 18  
48 4 4 19  
48 4 4 20  
48 4 4 21  
48 4 4 22  
48 4 4 23  
48 4 4 24  
48 4 4 25  
48 4 4 26  
48 4 4 27  
48 4 4 28  
48 4 4 29  
48 4 4 30  
48 4 5 1  
48 4 5 2  
48 4 5 3  
48 4 5 4  
48 4 5 5  
48 4 5 6  
48 4 5 7  
48 4 5 8  
48 4 5 9  
48 4 5 10  
48 4 5 11  
48 4 5 12  
48 4 5 13  
48 4 5 14  
48 4 5 15  
48 4 5 16  
48 4 5 17  
48 4 5 18  
48 4 5 19  
48 4 5 20  
48 4 5 21  
48 4 5 22  
48 4 5 23  
48 4 5 24  
48 4 5 25  
48 4 5 26  
48 4 5 27  
48 4 5 28  
48 4 5 29  
48 4 5 30  
48 4 6 1  
48 4 6 2  
48 4 6 3  
48 4 6 4  
48 4 6 5  
48 4 6 6  
48 4 6 7  
48 4 6 8  
48 4 6 9  
48 4 6 10  
48 4 6 11  
48 4 6 12  
48 4 6 13  
48 4 6 14  
48 4 6 15  
48 4 6 16  
48 4 6 17  
48 4 6 18  
48 4 6 19  
48 4 6 20  
48 4 6 21  
48 4 6 22  
48 4 6 23  
48 4 6 24  
48 4 6 25  
48 4 6 26  
48 4 6 27  
48 4 6 28  
48 4 6 29  
48 4 6 30  
48 4 7 1  
48 4 7 2  
48 4 7 3  
48 4 7 4  
48 4 7 5  
48 4 7 6  
48 4 7 7  
48 4 7 8  
48 4 7 9  
48 4 7 10  
48 4 7 11  
48 4 7 12  
48 4 7 13  
48 4 7 14  
48 4 7 15  
48 4 7 16  
48 4 7 17  
48 4 7 18  
48 4 7 19  
48 4 7 20  
48 4 7 21  
48 4 7 22  
48 4 7 23  
48 4 7 24  
48 4 7 25  
48 4 7 26  
48 4 7 27  
48 4 7 28  
48 4 7 29  
48 4 7 30  
48 4 8 1  
48 4 8 2  
48 4 8 3  
48 4 8 4  
48 4 8 5  
48 4 8 6  
48 4 8 7  
48 4 8 8  
48 4 8 9  
48 4 8 10  
48 4 8 11  
48 4 8 12  
48 4 8 13  
48 4 8 14  
48 4 8 15  
48 4 8 16  
48 4 8 17  
48 4 8 18  
48 4 8 19  
48 4 8 20  
48 4 8 21  
48 4 8 22  
48 4 8 23  
48 4 8 24  
48 4 8 25  
48 4 8 26  
48 4 8 27  
48 4 8 28  
48 4 8 29  
48 4 8 30  
48 4 9 1  
48 4 9 2  
48 4 9 3  
48 4 9 4  
48 4 9 5  
48 4 9 6  
48 4 9 7  
48 4 9 8  
48 4 9 9  
48 4 9 10  
48 4 9 11  
48 4 9 12  
48 4 9 13  
48 4 9 14  
48 4 9 15  
48 4 9 16  
48 4 9 17  
48 4 9 18  
48 4 9 19  
48 4 9 20  
48 4 9 21  
48 4 9 22  
48 4 9 23  
48 4 9 24  
48 4 9 25  
48 4 9 26  
48 4 9 27  
48 4 9 28  
48 4 9 29  
48 4 9 30  
48 4 10 1  
48 4 10 2  
48 4 10 3  
48 4 10 4  
48 4 10 5  
48 4 10 6  
48 4 10 7  
48 4 10 8  
48 4 10 9  
48 4 10 10  
48 4 10 11  
48 4 10 12  
48 4 10 13  
48 4 10 14  
48 4 10 15  
48 4 10 16  
48 4 10 17  
48 4 10 18  
48 4 10 19  
48 4 10 20  
48 4 10 21  
48 4 10 22  
48 4 10 23  
48 4 10 24  
48 4 10 25  
48 4 10 26  
48 4 10 27  
48 4 10 28  
48 4 10 29  
48 4 10 30  
49 4 1 1  
49 4 1 2  
49 4 1 3  
49 4 1 4  
49 4 1 5  
49 4 1 6  
49 4 1 7  
49 4 1 8  
49 4 1 9  
49 4 1 10  
49 4 1 11  
49 4 1 12  
49 4 1 13  
49 4 1 14  
49 4 1 15  
49 4 1 16  
49 4 1 17  
49 4 1 18  
49 4 1 19  
49 4 1 20  
49 4 1 21  
49 4 1 22  
49 4 1 23  
49 4 1 24  
49 4 1 25  
49 4 1 26  
49 4 1 27  
49 4 1 28  
49 4 1 29  
49 4 1 30  
49 4 2 1  
49 4 2 2  
49 4 2 3  
49 4 2 4  
49 4 2 5  
49 4 2 6  
49 4 2 7  
49 4 2 8  
49 4 2 9  
49 4 2 10  
49 4 2 11  
49 4 2 12  
49 4 2 13  
49 4 2 14  
49 4 2 15  
49 4 2 16  
49 4 2 17  
49 4 2 18  
49 4 2 19  
49 4 2 20  
49 4 2 21  
49 4 2 22  
49 4 2 23  
49 4 2 24  
49 4 2 25  
49 4 2 26  
49 4 2 27  
49 4 2 28  
49 4 2 29  
49 4 2 30  
49 4 3 1  
49 4 3 2  
49 4 3 3  
49 4 3 4  
49 4 3 5  
49 4 3 6  
49 4 3 7  
49 4 3 8  
49 4 3 9  
49 4 3 10  
49 4 3 11  
49 4 3 12  
49 4 3 13  
49 4 3 14  
49 4 3 15  
49 4 3 16  
49 4 3 17  
49 4 3 18  
49 4 3 19  
49 4 3 20  
49 4 3 21  
49 4 3 22  
49 4 3 23  
49 4 3 24  
49 4 3 25  
49 4 3 26  
49 4 3 27  
49 4 3 28  
49 4 3 29  
49 4 3 30  
49 4 4 1  
49 4 4 2  
49 4 4 3  
49 4 4 4  
49 4 4 5  
49 4 4 6  
49 4 4 7  
49 4 4 8  
49 4 4 9  
49 4 4 10  
49 4 4 11  
49 4 4 12  
49 4 4 13  
49 4 4 14  
49 4 4 15  
49 4 4 16  
49 4 4 17  
49 4 4 18  
49 4 4 19  
49 4 4 20  
49 4 4 21  
49 4 4 22  
49 4 4 23  
49 4 4 24  
49 4 4 25  
49 4 4 26  
49 4 4 27  
49 4 4 28  
49 4 4 29  
49 4 4 30  
49 4 5 1  
49 4 5 2  
49 4 5 3  
49 4 5 4  
49 4 5 5  
49 4 5 6  
49 4 5 7  
49 4 5 8  
49 4 5 9  
49 4 5 10  
49 4 5 11  
49 4 5 12  
49 4 5 13  
49 4 5 14  
49 4 5 15  
49 4 5 16  
49 4 5 17  
49 4 5 18  
49 4 5 19  
49 4 5 20  
49 4 5 21  
49 4 5 22  
49 4 5 23  
49 4 5 24  
49 4 5 25  
49 4 5 26  
49 4 5 27  
49 4 5 28  
49 4 5 29  
49 4 5 30  
49 4 6 1  
49 4 6 2  
49 4 6 3  
49 4 6 4  
49 4 6 5  
49 4 6 6  
49 4 6 7  
49 4 6 8  
49 4 6 9  
49 4 6 10  
49 4 6 11  
49 4 6 12  
49 4 6 13  
49 4 6 14  
49 4 6 15  
49 4 6 16  
49 4 6 17  
49 4 6 18  
49 4 6 19  
49 4 6 20  
49 4 6 21  
49 4 6 22  
49 4 6 23  
49 4 6 24  
49 4 6 25  
49 4 6 26  
49 4 6 27  
49 4 6 28  
49 4 6 29  
49 4 6 30  
49 4 7 1  
49 4 7 2  
49 4 7 3  
49 4 7 4  
49 4 7 5  
49 4 7 6  
49 4 7 7  
49 4 7 8  
49 4 7 9  
49 4 7 10  
49 4 7 11  
49 4 7 12  
49 4 7 13  
49 4 7 14  
49 4 7 15  
49 4 7 16  
49 4 7 17  
49 4 7 18  
49 4 7 19  
49 4 7 20  
49 4 7 21  
49 4 7 22  
49 4 7 23  
49 4 7 24  
49 4 7 25  
49 4 7 26  
49 4 7 27  
49 4 7 28  
49 4 7 29  
49 4 7 30  
49 4 8 1  
49 4 8 2  
49 4 8 3  
49 4 8 4  
49 4 8 5  
49 4 8 6  
49 4 8 7  
49 4 8 8  
49 4 8 9  
49 4 8 10  
49 4 8 11  
49 4 8 12  
49 4 8 13  
49 4 8 14  
49 4 8 15  
49 4 8 16  
49 4 8 17  
49 4 8 18  
49 4 8 19  
49 4 8 20  
49 4 8 21  
49 4 8 22  
49 4 8 23  
49 4 8 24  
49 4 8 25  
49 4 8 26  
49 4 8 27  
49 4 8 28  
49 4 8 29  
49 4 8 30  
49 4 9 1  
49 4 9 2  
49 4 9 3  
49 4 9 4  
49 4 9 5  
49 4 9 6  
49 4 9 7  
49 4 9 8  
49 4 9 9  
49 4 9 10  
49 4 9 11  
49 4 9 12  
49 4 9 13  
49 4 9 14  
49 4 9 15  
49 4 9 16  
49 4 9 17  
49 4 9 18  
49 4 9 19  
49 4 9 20  
49 4 9 21  
49 4 9 22  
49 4 9 23  
49 4 9 24  
49 4 9 25  
49 4 9 26  
49 4 9 27  
49 4 9 28  
49 4 9 29  
49 4 9 30  
49 4 10 1  
49 4 10 2  
49 4 10 3  
49 4 10 4  
49 4 10 5  
49 4 10 6  
49 4 10 7  
49 4 10 8  
49 4 10 9  
49 4 10 10  
49 4 10 11  
49 4 10 12  
49 4 10 13  
49 4 10 14  
49 4 10 15  
49 4 10 16  
49 4 10 17  
49 4 10 18  
49 4 10 19  
49 4 10 20  
49 4 10 21  
49 4 10 22  
49 4 10 23  
49 4 10 24  
49 4 10 25  
49 4 10 26  
49 4 10 27  
49 4 10 28  
49 4 10 29  
49 4 10 30  
50 4 1 1  
50 4 1 2  
50 4 1 3  
50 4 1 4  
50 4 1 5  
50 4 1 6  
50 4 1 7  
50 4 1 8  
50 4 1 9  
50 4 1 10  
50 4 1 11  
50 4 1 12  
50 4 1 13  
50 4 1 14  
50 4 1 15  
50 4 1 16  
50 4 1 17  
50 4 1 18  
50 4 1 19  
50 4 1 20  
50 4 1 21  
50 4 1 22  
50 4 1 23  
50 4 1 24  
50 4 1 25  
50 4 1 26  
50 4 1 27  
50 4 1 28  
50 4 1 29  
50 4 1 30  
50 4 2 1  
50 4 2 2  
50 4 2 3  
50 4 2 4  
50 4 2 5  
50 4 2 6  
50 4 2 7  
50 4 2 8  
50 4 2 9  
50 4 2 10  
50 4 2 11  
50 4 2 12  
50 4 2 13  
50 4 2 14  
50 4 2 15  
50 4 2 16  
50 4 2 17  
50 4 2 18  
50 4 2 19  
50 4 2 20  
50 4 2 21  
50 4 2 22  
50 4 2 23  
50 4 2 24  
50 4 2 25  
50 4 2 26  
50 4 2 27  
50 4 2 28  
50 4 2 29  
50 4 2 30  
50 4 3 1  
50 4 3 2  
50 4 3 3  
50 4 3 4  
50 4 3 5  
50 4 3 6  
50 4 3 7  
50 4 3 8  
50 4 3 9  
50 4 3 10  
50 4 3 11  
50 4 3 12  
50 4 3 13  
50 4 3 14  
50 4 3 15  
50 4 3 16  
50 4 3 17  
50 4 3 18  
50 4 3 19  
50 4 3 20  
50 4 3 21  
50 4 3 22  
50 4 3 23  
50 4 3 24  
50 4 3 25  
50 4 3 26  
50 4 3 27  
50 4 3 28  
50 4 3 29  
50 4 3 30  
50 4 4 1  
50 4 4 2  
50 4 4 3  
50 4 4 4  
50 4 4 5  
50 4 4 6  
50 4 4 7  
50 4 4 8  
50 4 4 9  
50 4 4 10  
50 4 4 11  
50 4 4 12  
50 4 4 13  
50 4 4 14  
50 4 4 15  
50 4 4 16  
50 4 4 17  
50 4 4 18  
50 4 4 19  
50 4 4 20  
50 4 4 21  
50 4 4 22  
50 4 4 23  
50 4 4 24  
50 4 4 25  
50 4 4 26  
50 4 4 27  
50 4 4 28  
50 4 4 29  
50 4 4 30  
50 4 5 1  
50 4 5 2  
50 4 5 3  
50 4 5 4  
50 4 5 5  
50 4 5 6  
50 4 5 7  
50 4 5 8  
50 4 5 9  
50 4 5 10  
50 4 5 11  
50 4 5 12  
50 4 5 13  
50 4 5 14  
50 4 5 15  
50 4 5 16  
50 4 5 17  
50 4 5 18  
50 4 5 19  
50 4 5 20  
50 4 5 21  
50 4 5 22  
50 4 5 23  
50 4 5 24  
50 4 5 25  
50 4 5 26  
50 4 5 27  
50 4 5 28  
50 4 5 29  
50 4 5 30  
50 4 6 1  
50 4 6 2  
50 4 6 3  
50 4 6 4  
50 4 6 5  
50 4 6 6  
50 4 6 7  
50 4 6 8  
50 4 6 9  
50 4 6 10  
50 4 6 11  
50 4 6 12  
50 4 6 13  
50 4 6 14  
50 4 6 15  
50 4 6 16  
50 4 6 17  
50 4 6 18  
50 4 6 19  
50 4 6 20  
50 4 6 21  
50 4 6 22  
50 4 6 23  
50 4 6 24  
50 4 6 25  
50 4 6 26  
50 4 6 27  
50 4 6 28  
50 4 6 29  
50 4 6 30  
50 4 7 1  
50 4 7 2  
50 4 7 3  
50 4 7 4  
50 4 7 5  
50 4 7 6  
50 4 7 7  
50 4 7 8  
50 4 7 9  
50 4 7 10  
50 4 7 11  
50 4 7 12  
50 4 7 13  
50 4 7 14  
50 4 7 15  
50 4 7 16  
50 4 7 17  
50 4 7 18  
50 4 7 19  
50 4 7 20  
50 4 7 21  
50 4 7 22  
50 4 7 23  
50 4 7 24  
50 4 7 25  
50 4 7 26  
50 4 7 27  
50 4 7 28  
50 4 7 29  
50 4 7 30  
50 4 8 1  
50 4 8 2  
50 4 8 3  
50 4 8 4  
50 4 8 5  
50 4 8 6  
50 4 8 7  
50 4 8 8  
50 4 8 9  
50 4 8 10  
50 4 8 11  
50 4 8 12  
50 4 8 13  
50 4 8 14  
50 4 8 15  
50 4 8 16  
50 4 8 17  
50 4 8 18  
50 4 8 19  
50 4 8 20  
50 4 8 21  
50 4 8 22  
50 4 8 23  
50 4 8 24  
50 4 8 25  
50 4 8 26  
50 4 8 27  
50 4 8 28  
50 4 8 29  
50 4 8 30  
50 4 9 1  
50 4 9 2  
50 4 9 3  
50 4 9 4  
50 4 9 5  
50 4 9 6  
50 4 9 7  
50 4 9 8  
50 4 9 9  
50 4 9 10  
50 4 9 11  
50 4 9 12  
50 4 9 13  
50 4 9 14  
50 4 9 15  
50 4 9 16  
50 4 9 17  
50 4 9 18  
50 4 9 19  
50 4 9 20  
50 4 9 21  
50 4 9 22  
50 4 9 23  
50 4 9 24  
50 4 9 25  
50 4 9 26  
50 4 9 27  
50 4 9 28  
50 4 9 29  
50 4 9 30  
50 4 10 1  
50 4 10 2  
50 4 10 3  
50 4 10 4  
50 4 10 5  
50 4 10 6  
50 4 10 7  
50 4 10 8  
50 4 10 9  
50 4 10 10  
50 4 10 11  
50 4 10 12  
50 4 10 13  
50 4 10 14  
50 4 10 15  
50 4 10 16  
50 4 10 17  
50 4 10 18  
50 4 10 19  
50 4 10 20  
50 4 10 21  
50 4 10 22  
50 4 10 23  
50 4 10 24  
50 4 10 25  
50 4 10 26  
50 4 10 27  
50 4 10 28  
50 4 10 29  
50 4 10 30  
51 4 1 1  
51 4 1 2  
51 4 1 3  
51 4 1 4  
51 4 1 5  
51 4 1 6  
51 4 1 7  
51 4 1 8  
51 4 1 9  
51 4 1 10  
51 4 1 11  
51 4 1 12  
51 4 1 13  
51 4 1 14  
51 4 1 15  
51 4 1 16  
51 4 1 17  
51 4 1 18  
51 4 1 19  
51 4 1 20  
51 4 1 21  
51 4 1 22  
51 4 1 23  
51 4 1 24  
51 4 1 25  
51 4 1 26  
51 4 1 27  
51 4 1 28  
51 4 1 29  
51 4 1 30  
51 4 2 1  
51 4 2 2  
51 4 2 3  
51 4 2 4  
51 4 2 5  
51 4 2 6  
51 4 2 7  
51 4 2 8  
51 4 2 9  
51 4 2 10  
51 4 2 11  
51 4 2 12  
51 4 2 13  
51 4 2 14  
51 4 2 15  
51 4 2 16  
51 4 2 17  
51 4 2 18  
51 4 2 19  
51 4 2 20  
51 4 2 21  
51 4 2 22  
51 4 2 23  
51 4 2 24  
51 4 2 25  
51 4 2 26  
51 4 2 27  
51 4 2 28  
51 4 2 29  
51 4 2 30  
51 4 3 1  
51 4 3 2  
51 4 3 3  
51 4 3 4  
51 4 3 5  
51 4 3 6  
51 4 3 7  
51 4 3 8  
51 4 3 9  
51 4 3 10  
51 4 3 11  
51 4 3 12  
51 4 3 13  
51 4 3 14  
51 4 3 15  
51 4 3 16  
51 4 3 17  
51 4 3 18  
51 4 3 19  
51 4 3 20  
51 4 3 21  
51 4 3 22  
51 4 3 23  
51 4 3 24  
51 4 3 25  
51 4 3 26  
51 4 3 27  
51 4 3 28  
51 4 3 29  
51 4 3 30  
51 4 4 1  
51 4 4 2  
51 4 4 3  
51 4 4 4  
51 4 4 5  
51 4 4 6  
51 4 4 7  
51 4 4 8  
51 4 4 9  
51 4 4 10  
51 4 4 11  
51 4 4 12  
51 4 4 13  
51 4 4 14  
51 4 4 15  
51 4 4 16  
51 4 4 17  
51 4 4 18  
51 4 4 19  
51 4 4 20  
51 4 4 21  
51 4 4 22  
51 4 4 23  
51 4 4 24  
51 4 4 25  
51 4 4 26  
51 4 4 27  
51 4 4 28  
51 4 4 29  
51 4 4 30  
51 4 5 1  
51 4 5 2  
51 4 5 3  
51 4 5 4  
51 4 5 5  
51 4 5 6  
51 4 5 7  
51 4 5 8  
51 4 5 9  
51 4 5 10  
51 4 5 11  
51 4 5 12  
51 4 5 13  
51 4 5 14  
51 4 5 15  
51 4 5 16  
51 4 5 17  
51 4 5 18  
51 4 5 19  
51 4 5 20  
51 4 5 21  
51 4 5 22  
51 4 5 23  
51 4 5 24  
51 4 5 25  
51 4 5 26  
51 4 5 27  
51 4 5 28  
51 4 5 29  
51 4 5 30  
51 4 6 1  
51 4 6 2  
51 4 6 3  
51 4 6 4  
51 4 6 5  
51 4 6 6  
51 4 6 7  
51 4 6 8  
51 4 6 9  
51 4 6 10  
51 4 6 11  
51 4 6 12  
51 4 6 13  
51 4 6 14  
51 4 6 15  
51 4 6 16  
51 4 6 17  
51 4 6 18  
51 4 6 19  
51 4 6 20  
51 4 6 21  
51 4 6 22  
51 4 6 23  
51 4 6 24  
51 4 6 25  
51 4 6 26  
51 4 6 27  
51 4 6 28  
51 4 6 29  
51 4 6 30  
51 4 7 1  
51 4 7 2  
51 4 7 3  
51 4 7 4  
51 4 7 5  
51 4 7 6  
51 4 7 7  
51 4 7 8  
51 4 7 9  
51 4 7 10  
51 4 7 11  
51 4 7 12  
51 4 7 13  
51 4 7 14  
51 4 7 15  
51 4 7 16  
51 4 7 17  
51 4 7 18  
51 4 7 19  
51 4 7 20  
51 4 7 21  
51 4 7 22  
51 4 7 23  
51 4 7 24  
51 4 7 25  
51 4 7 26  
51 4 7 27  
51 4 7 28  
51 4 7 29  
51 4 7 30  
51 4 8 1  
51 4 8 2  
51 4 8 3  
51 4 8 4  
51 4 8 5  
51 4 8 6  
51 4 8 7  
51 4 8 8  
51 4 8 9  
51 4 8 10  
51 4 8 11  
51 4 8 12  
51 4 8 13  
51 4 8 14  
51 4 8 15  
51 4 8 16  
51 4 8 17  
51 4 8 18  
51 4 8 19  
51 4 8 20  
51 4 8 21  
51 4 8 22  
51 4 8 23  
51 4 8 24  
51 4 8 25  
51 4 8 26  
51 4 8 27  
51 4 8 28  
51 4 8 29  
51 4 8 30  
51 4 9 1  
51 4 9 2  
51 4 9 3  
51 4 9 4  
51 4 9 5  
51 4 9 6  
51 4 9 7  
51 4 9 8  
51 4 9 9  
51 4 9 10  
51 4 9 11  
51 4 9 12  
51 4 9 13  
51 4 9 14  
51 4 9 15  
51 4 9 16  
51 4 9 17  
51 4 9 18  
51 4 9 19  
51 4 9 20  
51 4 9 21  
51 4 9 22  
51 4 9 23  
51 4 9 24  
51 4 9 25  
51 4 9 26  
51 4 9 27  
51 4 9 28  
51 4 9 29  
51 4 9 30  
51 4 10 1  
51 4 10 2  
51 4 10 3  
51 4 10 4  
51 4 10 5  
51 4 10 6  
51 4 10 7  
51 4 10 8  
51 4 10 9  
51 4 10 10  
51 4 10 11  
51 4 10 12  
51 4 10 13  
51 4 10 14  
51 4 10 15  
51 4 10 16  
51 4 10 17  
51 4 10 18  
51 4 10 19  
51 4 10 20  
51 4 10 21  
51 4 10 22  
51 4 10 23  
51 4 10 24  
51 4 10 25  
51 4 10 26  
51 4 10 27  
51 4 10 28  
51 4 10 29  
51 4 10 30  
52 4 1 1  
52 4 1 2  
52 4 1 3  
52 4 1 4  
52 4 1 5  
52 4 1 6  
52 4 1 7  
52 4 1 8  
52 4 1 9  
52 4 1 10  
52 4 1 11  
52 4 1 12  
52 4 1 13  
52 4 1 14  
52 4 1 15  
52 4 1 16  
52 4 1 17  
52 4 1 18  
52 4 1 19  
52 4 1 20  
52 4 1 21  
52 4 1 22  
52 4 1 23  
52 4 1 24  
52 4 1 25  
52 4 1 26  
52 4 1 27  
52 4 1 28  
52 4 1 29  
52 4 1 30  
52 4 2 1  
52 4 2 2  
52 4 2 3  
52 4 2 4  
52 4 2 5  
52 4 2 6  
52 4 2 7  
52 4 2 8  
52 4 2 9  
52 4 2 10  
52 4 2 11  
52 4 2 12  
52 4 2 13  
52 4 2 14  
52 4 2 15  
52 4 2 16  
52 4 2 17  
52 4 2 18  
52 4 2 19  
52 4 2 20  
52 4 2 21  
52 4 2 22  
52 4 2 23  
52 4 2 24  
52 4 2 25  
52 4 2 26  
52 4 2 27  
52 4 2 28  
52 4 2 29  
52 4 2 30  
52 4 3 1  
52 4 3 2  
52 4 3 3  
52 4 3 4  
52 4 3 5  
52 4 3 6  
52 4 3 7  
52 4 3 8  
52 4 3 9  
52 4 3 10  
52 4 3 11  
52 4 3 12  
52 4 3 13  
52 4 3 14  
52 4 3 15  
52 4 3 16  
52 4 3 17  
52 4 3 18  
52 4 3 19  
52 4 3 20  
52 4 3 21  
52 4 3 22  
52 4 3 23  
52 4 3 24  
52 4 3 25  
52 4 3 26  
52 4 3 27  
52 4 3 28  
52 4 3 29  
52 4 3 30  
52 4 4 1  
52 4 4 2  
52 4 4 3  
52 4 4 4  
52 4 4 5  
52 4 4 6  
52 4 4 7  
52 4 4 8  
52 4 4 9  
52 4 4 10  
52 4 4 11  
52 4 4 12  
52 4 4 13  
52 4 4 14  
52 4 4 15  
52 4 4 16  
52 4 4 17  
52 4 4 18  
52 4 4 19  
52 4 4 20  
52 4 4 21  
52 4 4 22  
52 4 4 23  
52 4 4 24  
52 4 4 25  
52 4 4 26  
52 4 4 27  
52 4 4 28  
52 4 4 29  
52 4 4 30  
52 4 5 1  
52 4 5 2  
52 4 5 3  
52 4 5 4  
52 4 5 5  
52 4 5 6  
52 4 5 7  
52 4 5 8  
52 4 5 9  
52 4 5 10  
52 4 5 11  
52 4 5 12  
52 4 5 13  
52 4 5 14  
52 4 5 15  
52 4 5 16  
52 4 5 17  
52 4 5 18  
52 4 5 19  
52 4 5 20  
52 4 5 21  
52 4 5 22  
52 4 5 23  
52 4 5 24  
52 4 5 25  
52 4 5 26  
52 4 5 27  
52 4 5 28  
52 4 5 29  
52 4 5 30  
52 4 6 1  
52 4 6 2  
52 4 6 3  
52 4 6 4  
52 4 6 5  
52 4 6 6  
52 4 6 7  
52 4 6 8  
52 4 6 9  
52 4 6 10  
52 4 6 11  
52 4 6 12  
52 4 6 13  
52 4 6 14  
52 4 6 15  
52 4 6 16  
52 4 6 17  
52 4 6 18  
52 4 6 19  
52 4 6 20  
52 4 6 21  
52 4 6 22  
52 4 6 23  
52 4 6 24  
52 4 6 25  
52 4 6 26  
52 4 6 27  
52 4 6 28  
52 4 6 29  
52 4 6 30  
52 4 7 1  
52 4 7 2  
52 4 7 3  
52 4 7 4  
52 4 7 5  
52 4 7 6  
52 4 7 7  
52 4 7 8  
52 4 7 9  
52 4 7 10  
52 4 7 11  
52 4 7 12  
52 4 7 13  
52 4 7 14  
52 4 7 15  
52 4 7 16  
52 4 7 17  
52 4 7 18  
52 4 7 19  
52 4 7 20  
52 4 7 21  
52 4 7 22  
52 4 7 23  
52 4 7 24  
52 4 7 25  
52 4 7 26  
52 4 7 27  
52 4 7 28  
52 4 7 29  
52 4 7 30  
52 4 8 1  
52 4 8 2  
52 4 8 3  
52 4 8 4  
52 4 8 5  
52 4 8 6  
52 4 8 7  
52 4 8 8  
52 4 8 9  
52 4 8 10  
52 4 8 11  
52 4 8 12  
52 4 8 13  
52 4 8 14  
52 4 8 15  
52 4 8 16  
52 4 8 17  
52 4 8 18  
52 4 8 19  
52 4 8 20  
52 4 8 21  
52 4 8 22  
52 4 8 23  
52 4 8 24  
52 4 8 25  
52 4 8 26  
52 4 8 27  
52 4 8 28  
52 4 8 29  
52 4 8 30  
52 4 9 1  
52 4 9 2  
52 4 9 3  
52 4 9 4  
52 4 9 5  
52 4 9 6  
52 4 9 7  
52 4 9 8  
52 4 9 9  
52 4 9 10  
52 4 9 11  
52 4 9 12  
52 4 9 13  
52 4 9 14  
52 4 9 15  
52 4 9 16  
52 4 9 17  
52 4 9 18  
52 4 9 19  
52 4 9 20  
52 4 9 21  
52 4 9 22  
52 4 9 23  
52 4 9 24  
52 4 9 25  
52 4 9 26  
52 4 9 27  
52 4 9 28  
52 4 9 29  
52 4 9 30  
52 4 10 1  
52 4 10 2  
52 4 10 3  
52 4 10 4  
52 4 10 5  
52 4 10 6  
52 4 10 7  
52 4 10 8  
52 4 10 9  
52 4 10 10  
52 4 10 11  
52 4 10 12  
52 4 10 13  
52 4 10 14  
52 4 10 15  
52 4 10 16  
52 4 10 17  
52 4 10 18  
52 4 10 19  
52 4 10 20  
52 4 10 21  
52 4 10 22  
52 4 10 23  
52 4 10 24  
52 4 10 25  
52 4 10 26  
52 4 10 27  
52 4 10 28  
52 4 10 29  
52 4 10 30  
53 4 1 1  
53 4 1 2  
53 4 1 3  
53 4 1 4  
53 4 1 5  
53 4 1 6  
53 4 1 7  
53 4 1 8  
53 4 1 9  
53 4 1 10  
53 4 1 11  
53 4 1 12  
53 4 1 13  
53 4 1 14  
53 4 1 15  
53 4 1 16  
53 4 1 17  
53 4 1 18  
53 4 1 19  
53 4 1 20  
53 4 1 21  
53 4 1 22  
53 4 1 23  
53 4 1 24  
53 4 1 25  
53 4 1 26  
53 4 1 27  
53 4 1 28  
53 4 1 29  
53 4 1 30  
53 4 2 1  
53 4 2 2  
53 4 2 3  
53 4 2 4  
53 4 2 5  
53 4 2 6  
53 4 2 7  
53 4 2 8  
53 4 2 9  
53 4 2 10  
53 4 2 11  
53 4 2 12  
53 4 2 13  
53 4 2 14  
53 4 2 15  
53 4 2 16  
53 4 2 17  
53 4 2 18  
53 4 2 19  
53 4 2 20  
53 4 2 21  
53 4 2 22  
53 4 2 23  
53 4 2 24  
53 4 2 25  
53 4 2 26  
53 4 2 27  
53 4 2 28  
53 4 2 29  
53 4 2 30  
53 4 3 1  
53 4 3 2  
53 4 3 3  
53 4 3 4  
53 4 3 5  
53 4 3 6  
53 4 3 7  
53 4 3 8  
53 4 3 9  
53 4 3 10  
53 4 3 11  
53 4 3 12  
53 4 3 13  
53 4 3 14  
53 4 3 15  
53 4 3 16  
53 4 3 17  
53 4 3 18  
53 4 3 19  
53 4 3 20  
53 4 3 21  
53 4 3 22  
53 4 3 23  
53 4 3 24  
53 4 3 25  
53 4 3 26  
53 4 3 27  
53 4 3 28  
53 4 3 29  
53 4 3 30  
53 4 4 1  
53 4 4 2  
53 4 4 3  
53 4 4 4  
53 4 4 5  
53 4 4 6  
53 4 4 7  
53 4 4 8  
53 4 4 9  
53 4 4 10  
53 4 4 11  
53 4 4 12  
53 4 4 13  
53 4 4 14  
53 4 4 15  
53 4 4 16  
53 4 4 17  
53 4 4 18  
53 4 4 19  
53 4 4 20  
53 4 4 21  
53 4 4 22  
53 4 4 23  
53 4 4 24  
53 4 4 25  
53 4 4 26  
53 4 4 27  
53 4 4 28  
53 4 4 29  
53 4 4 30  
53 4 5 1  
53 4 5 2  
53 4 5 3  
53 4 5 4  
53 4 5 5  
53 4 5 6  
53 4 5 7  
53 4 5 8  
53 4 5 9  
53 4 5 10  
53 4 5 11  
53 4 5 12  
53 4 5 13  
53 4 5 14  
53 4 5 15  
53 4 5 16  
53 4 5 17  
53 4 5 18  
53 4 5 19  
53 4 5 20  
53 4 5 21  
53 4 5 22  
53 4 5 23  
53 4 5 24  
53 4 5 25  
53 4 5 26  
53 4 5 27  
53 4 5 28  
53 4 5 29  
53 4 5 30  
53 4 6 1  
53 4 6 2  
53 4 6 3  
53 4 6 4  
53 4 6 5  
53 4 6 6  
53 4 6 7  
53 4 6 8  
53 4 6 9  
53 4 6 10  
53 4 6 11  
53 4 6 12  
53 4 6 13  
53 4 6 14  
53 4 6 15  
53 4 6 16  
53 4 6 17  
53 4 6 18  
53 4 6 19  
53 4 6 20  
53 4 6 21  
53 4 6 22  
53 4 6 23  
53 4 6 24  
53 4 6 25  
53 4 6 26  
53 4 6 27  
53 4 6 28  
53 4 6 29  
53 4 6 30  
53 4 7 1  
53 4 7 2  
53 4 7 3  
53 4 7 4  
53 4 7 5  
53 4 7 6  
53 4 7 7  
53 4 7 8  
53 4 7 9  
53 4 7 10  
53 4 7 11  
53 4 7 12  
53 4 7 13  
53 4 7 14  
53 4 7 15  
53 4 7 16  
53 4 7 17  
53 4 7 18  
53 4 7 19  
53 4 7 20  
53 4 7 21  
53 4 7 22  
53 4 7 23  
53 4 7 24  
53 4 7 25  
53 4 7 26  
53 4 7 27  
53 4 7 28  
53 4 7 29  
53 4 7 30  
53 4 8 1  
53 4 8 2  
53 4 8 3  
53 4 8 4  
53 4 8 5  
53 4 8 6  
53 4 8 7  
53 4 8 8  
53 4 8 9  
53 4 8 10  
53 4 8 11  
53 4 8 12  
53 4 8 13  
53 4 8 14  
53 4 8 15  
53 4 8 16  
53 4 8 17  
53 4 8 18  
53 4 8 19  
53 4 8 20  
53 4 8 21  
53 4 8 22  
53 4 8 23  
53 4 8 24  
53 4 8 25  
53 4 8 26  
53 4 8 27  
53 4 8 28  
53 4 8 29  
53 4 8 30  
53 4 9 1  
53 4 9 2  
53 4 9 3  
53 4 9 4  
53 4 9 5  
53 4 9 6  
53 4 9 7  
53 4 9 8  
53 4 9 9  
53 4 9 10  
53 4 9 11  
53 4 9 12  
53 4 9 13  
53 4 9 14  
53 4 9 15  
53 4 9 16  
53 4 9 17  
53 4 9 18  
53 4 9 19  
53 4 9 20  
53 4 9 21  
53 4 9 22  
53 4 9 23  
53 4 9 24  
53 4 9 25  
53 4 9 26  
53 4 9 27  
53 4 9 28  
53 4 9 29  
53 4 9 30  
53 4 10 1  
53 4 10 2  
53 4 10 3  
53 4 10 4  
53 4 10 5  
53 4 10 6  
53 4 10 7  
53 4 10 8  
53 4 10 9  
53 4 10 10  
53 4 10 11  
53 4 10 12  
53 4 10 13  
53 4 10 14  
53 4 10 15  
53 4 10 16  
53 4 10 17  
53 4 10 18  
53 4 10 19  
53 4 10 20  
53 4 10 21  
53 4 10 22  
53 4 10 23  
53 4 10 24  
53 4 10 25  
53 4 10 26  
53 4 10 27  
53 4 10 28  
53 4 10 29  
53 4 10 30  
54 4 1 1  
54 4 1 2  
54 4 1 3  
54 4 1 4  
54 4 1 5  
54 4 1 6  
54 4 1 7  
54 4 1 8  
54 4 1 9  
54 4 1 10  
54 4 1 11  
54 4 1 12  
54 4 1 13  
54 4 1 14  
54 4 1 15  
54 4 1 16  
54 4 1 17  
54 4 1 18  
54 4 1 19  
54 4 1 20  
54 4 1 21  
54 4 1 22  
54 4 1 23  
54 4 1 24  
54 4 1 25  
54 4 1 26  
54 4 1 27  
54 4 1 28  
54 4 1 29  
54 4 1 30  
54 4 2 1  
54 4 2 2  
54 4 2 3  
54 4 2 4  
54 4 2 5  
54 4 2 6  
54 4 2 7  
54 4 2 8  
54 4 2 9  
54 4 2 10  
54 4 2 11  
54 4 2 12  
54 4 2 13  
54 4 2 14  
54 4 2 15  
54 4 2 16  
54 4 2 17  
54 4 2 18  
54 4 2 19  
54 4 2 20  
54 4 2 21  
54 4 2 22  
54 4 2 23  
54 4 2 24  
54 4 2 25  
54 4 2 26  
54 4 2 27  
54 4 2 28  
54 4 2 29  
54 4 2 30  
54 4 3 1  
54 4 3 2  
54 4 3 3  
54 4 3 4  
54 4 3 5  
54 4 3 6  
54 4 3 7  
54 4 3 8  
54 4 3 9  
54 4 3 10  
54 4 3 11  
54 4 3 12  
54 4 3 13  
54 4 3 14  
54 4 3 15  
54 4 3 16  
54 4 3 17  
54 4 3 18  
54 4 3 19  
54 4 3 20  
54 4 3 21  
54 4 3 22  
54 4 3 23  
54 4 3 24  
54 4 3 25  
54 4 3 26  
54 4 3 27  
54 4 3 28  
54 4 3 29  
54 4 3 30  
54 4 4 1  
54 4 4 2  
54 4 4 3  
54 4 4 4  
54 4 4 5  
54 4 4 6  
54 4 4 7  
54 4 4 8  
54 4 4 9  
54 4 4 10  
54 4 4 11  
54 4 4 12  
54 4 4 13  
54 4 4 14  
54 4 4 15  
54 4 4 16  
54 4 4 17  
54 4 4 18  
54 4 4 19  
54 4 4 20  
54 4 4 21  
54 4 4 22  
54 4 4 23  
54 4 4 24  
54 4 4 25  
54 4 4 26  
54 4 4 27  
54 4 4 28  
54 4 4 29  
54 4 4 30  
54 4 5 1  
54 4 5 2  
54 4 5 3  
54 4 5 4  
54 4 5 5  
54 4 5 6  
54 4 5 7  
54 4 5 8  
54 4 5 9  
54 4 5 10  
54 4 5 11  
54 4 5 12  
54 4 5 13  
54 4 5 14  
54 4 5 15  
54 4 5 16  
54 4 5 17  
54 4 5 18  
54 4 5 19  
54 4 5 20  
54 4 5 21  
54 4 5 22  
54 4 5 23  
54 4 5 24  
54 4 5 25  
54 4 5 26  
54 4 5 27  
54 4 5 28  
54 4 5 29  
54 4 5 30  
54 4 6 1  
54 4 6 2  
54 4 6 3  
54 4 6 4  
54 4 6 5  
54 4 6 6  
54 4 6 7  
54 4 6 8  
54 4 6 9  
54 4 6 10  
54 4 6 11  
54 4 6 12  
54 4 6 13  
54 4 6 14  
54 4 6 15  
54 4 6 16  
54 4 6 17  
54 4 6 18  
54 4 6 19  
54 4 6 20  
54 4 6 21  
54 4 6 22  
54 4 6 23  
54 4 6 24  
54 4 6 25  
54 4 6 26  
54 4 6 27  
54 4 6 28  
54 4 6 29  
54 4 6 30  
54 4 7 1  
54 4 7 2  
54 4 7 3  
54 4 7 4  
54 4 7 5  
54 4 7 6  
54 4 7 7  
54 4 7 8  
54 4 7 9  
54 4 7 10  
54 4 7 11  
54 4 7 12  
54 4 7 13  
54 4 7 14  
54 4 7 15  
54 4 7 16  
54 4 7 17  
54 4 7 18  
54 4 7 19  
54 4 7 20  
54 4 7 21  
54 4 7 22  
54 4 7 23  
54 4 7 24  
54 4 7 25  
54 4 7 26  
54 4 7 27  
54 4 7 28  
54 4 7 29  
54 4 7 30  
54 4 8 1  
54 4 8 2  
54 4 8 3  
54 4 8 4  
54 4 8 5  
54 4 8 6  
54 4 8 7  
54 4 8 8  
54 4 8 9  
54 4 8 10  
54 4 8 11  
54 4 8 12  
54 4 8 13  
54 4 8 14  
54 4 8 15  
54 4 8 16  
54 4 8 17  
54 4 8 18  
54 4 8 19  
54 4 8 20  
54 4 8 21  
54 4 8 22  
54 4 8 23  
54 4 8 24  
54 4 8 25  
54 4 8 26  
54 4 8 27  
54 4 8 28  
54 4 8 29  
54 4 8 30  
54 4 9 1  
54 4 9 2  
54 4 9 3  
54 4 9 4  
54 4 9 5  
54 4 9 6  
54 4 9 7  
54 4 9 8  
54 4 9 9  
54 4 9 10  
54 4 9 11  
54 4 9 12  
54 4 9 13  
54 4 9 14  
54 4 9 15  
54 4 9 16  
54 4 9 17  
54 4 9 18  
54 4 9 19  
54 4 9 20  
54 4 9 21  
54 4 9 22  
54 4 9 23  
54 4 9 24  
54 4 9 25  
54 4 9 26  
54 4 9 27  
54 4 9 28  
54 4 9 29  
54 4 9 30  
54 4 10 1  
54 4 10 2  
54 4 10 3  
54 4 10 4  
54 4 10 5  
54 4 10 6  
54 4 10 7  
54 4 10 8  
54 4 10 9  
54 4 10 10  
54 4 10 11  
54 4 10 12  
54 4 10 13  
54 4 10 14  
54 4 10 15  
54 4 10 16  
54 4 10 17  
54 4 10 18  
54 4 10 19  
54 4 10 20  
54 4 10 21  
54 4 10 22  
54 4 10 23  
54 4 10 24  
54 4 10 25  
54 4 10 26  
54 4 10 27  
54 4 10 28  
54 4 10 29  
54 4 10 30  
55 4 1 1  
55 4 1 2  
55 4 1 3  
55 4 1 4  
55 4 1 5  
55 4 1 6  
55 4 1 7  
55 4 1 8  
55 4 1 9  
55 4 1 10  
55 4 1 11  
55 4 1 12  
55 4 1 13  
55 4 1 14  
55 4 1 15  
55 4 1 16  
55 4 1 17  
55 4 1 18  
55 4 1 19  
55 4 1 20  
55 4 1 21  
55 4 1 22  
55 4 1 23  
55 4 1 24  
55 4 1 25  
55 4 1 26  
55 4 1 27  
55 4 1 28  
55 4 1 29  
55 4 1 30  
55 4 2 1  
55 4 2 2  
55 4 2 3  
55 4 2 4  
55 4 2 5  
55 4 2 6  
55 4 2 7  
55 4 2 8  
55 4 2 9  
55 4 2 10  
55 4 2 11  
55 4 2 12  
55 4 2 13  
55 4 2 14  
55 4 2 15  
55 4 2 16  
55 4 2 17  
55 4 2 18  
55 4 2 19  
55 4 2 20  
55 4 2 21  
55 4 2 22  
55 4 2 23  
55 4 2 24  
55 4 2 25  
55 4 2 26  
55 4 2 27  
55 4 2 28  
55 4 2 29  
55 4 2 30  
55 4 3 1  
55 4 3 2  
55 4 3 3  
55 4 3 4  
55 4 3 5  
55 4 3 6  
55 4 3 7  
55 4 3 8  
55 4 3 9  
55 4 3 10  
55 4 3 11  
55 4 3 12  
55 4 3 13  
55 4 3 14  
55 4 3 15  
55 4 3 16  
55 4 3 17  
55 4 3 18  
55 4 3 19  
55 4 3 20  
55 4 3 21  
55 4 3 22  
55 4 3 23  
55 4 3 24  
55 4 3 25  
55 4 3 26  
55 4 3 27  
55 4 3 28  
55 4 3 29  
55 4 3 30  
55 4 4 1  
55 4 4 2  
55 4 4 3  
55 4 4 4  
55 4 4 5  
55 4 4 6  
55 4 4 7  
55 4 4 8  
55 4 4 9  
55 4 4 10  
55 4 4 11  
55 4 4 12  
55 4 4 13  
55 4 4 14  
55 4 4 15  
55 4 4 16  
55 4 4 17  
55 4 4 18  
55 4 4 19  
55 4 4 20  
55 4 4 21  
55 4 4 22  
55 4 4 23  
55 4 4 24  
55 4 4 25  
55 4 4 26  
55 4 4 27  
55 4 4 28  
55 4 4 29  
55 4 4 30  
55 4 5 1  
55 4 5 2  
55 4 5 3  
55 4 5 4  
55 4 5 5  
55 4 5 6  
55 4 5 7  
55 4 5 8  
55 4 5 9  
55 4 5 10  
55 4 5 11  
55 4 5 12  
55 4 5 13  
55 4 5 14  
55 4 5 15  
55 4 5 16  
55 4 5 17  
55 4 5 18  
55 4 5 19  
55 4 5 20  
55 4 5 21  
55 4 5 22  
55 4 5 23  
55 4 5 24  
55 4 5 25  
55 4 5 26  
55 4 5 27  
55 4 5 28  
55 4 5 29  
55 4 5 30  
55 4 6 1  
55 4 6 2  
55 4 6 3  
55 4 6 4  
55 4 6 5  
55 4 6 6  
55 4 6 7  
55 4 6 8  
55 4 6 9  
55 4 6 10  
55 4 6 11  
55 4 6 12  
55 4 6 13  
55 4 6 14  
55 4 6 15  
55 4 6 16  
55 4 6 17  
55 4 6 18  
55 4 6 19  
55 4 6 20  
55 4 6 21  
55 4 6 22  
55 4 6 23  
55 4 6 24  
55 4 6 25  
55 4 6 26  
55 4 6 27  
55 4 6 28  
55 4 6 29  
55 4 6 30  
55 4 7 1  
55 4 7 2  
55 4 7 3  
55 4 7 4  
55 4 7 5  
55 4 7 6  
55 4 7 7  
55 4 7 8  
55 4 7 9  
55 4 7 10  
55 4 7 11  
55 4 7 12  
55 4 7 13  
55 4 7 14  
55 4 7 15  
55 4 7 16  
55 4 7 17  
55 4 7 18  
55 4 7 19  
55 4 7 20  
55 4 7 21  
55 4 7 22  
55 4 7 23  
55 4 7 24  
55 4 7 25  
55 4 7 26  
55 4 7 27  
55 4 7 28  
55 4 7 29  
55 4 7 30  
55 4 8 1  
55 4 8 2  
55 4 8 3  
55 4 8 4  
55 4 8 5  
55 4 8 6  
55 4 8 7  
55 4 8 8  
55 4 8 9  
55 4 8 10  
55 4 8 11  
55 4 8 12  
55 4 8 13  
55 4 8 14  
55 4 8 15  
55 4 8 16  
55 4 8 17  
55 4 8 18  
55 4 8 19  
55 4 8 20  
55 4 8 21  
55 4 8 22  
55 4 8 23  
55 4 8 24  
55 4 8 25  
55 4 8 26  
55 4 8 27  
55 4 8 28  
55 4 8 29  
55 4 8 30  
55 4 9 1  
55 4 9 2  
55 4 9 3  
55 4 9 4  
55 4 9 5  
55 4 9 6  
55 4 9 7  
55 4 9 8  
55 4 9 9  
55 4 9 10  
55 4 9 11  
55 4 9 12  
55 4 9 13  
55 4 9 14  
55 4 9 15  
55 4 9 16  
55 4 9 17  
55 4 9 18  
55 4 9 19  
55 4 9 20  
55 4 9 21  
55 4 9 22  
55 4 9 23  
55 4 9 24  
55 4 9 25  
55 4 9 26  
55 4 9 27  
55 4 9 28  
55 4 9 29  
55 4 9 30  
55 4 10 1  
55 4 10 2  
55 4 10 3  
55 4 10 4  
55 4 10 5  
55 4 10 6  
55 4 10 7  
55 4 10 8  
55 4 10 9  
55 4 10 10  
55 4 10 11  
55 4 10 12  
55 4 10 13  
55 4 10 14  
55 4 10 15  
55 4 10 16  
55 4 10 17  
55 4 10 18  
55 4 10 19  
55 4 10 20  
55 4 10 21  
55 4 10 22  
55 4 10 23  
55 4 10 24  
55 4 10 25  
55 4 10 26  
55 4 10 27  
55 4 10 28  
55 4 10 29  
55 4 10 30  
56 4 1 1  
56 4 1 2  
56 4 1 3  
56 4 1 4  
56 4 1 5  
56 4 1 6  
56 4 1 7  
56 4 1 8  
56 4 1 9  
56 4 1 10  
56 4 1 11  
56 4 1 12  
56 4 1 13  
56 4 1 14  
56 4 1 15  
56 4 1 16  
56 4 1 17  
56 4 1 18  
56 4 1 19  
56 4 1 20  
56 4 1 21  
56 4 1 22  
56 4 1 23  
56 4 1 24  
56 4 1 25  
56 4 1 26  
56 4 1 27  
56 4 1 28  
56 4 1 29  
56 4 1 30  
56 4 2 1  
56 4 2 2  
56 4 2 3  
56 4 2 4  
56 4 2 5  
56 4 2 6  
56 4 2 7  
56 4 2 8  
56 4 2 9  
56 4 2 10  
56 4 2 11  
56 4 2 12  
56 4 2 13  
56 4 2 14  
56 4 2 15  
56 4 2 16  
56 4 2 17  
56 4 2 18  
56 4 2 19  
56 4 2 20  
56 4 2 21  
56 4 2 22  
56 4 2 23  
56 4 2 24  
56 4 2 25  
56 4 2 26  
56 4 2 27  
56 4 2 28  
56 4 2 29  
56 4 2 30  
56 4 3 1  
56 4 3 2  
56 4 3 3  
56 4 3 4  
56 4 3 5  
56 4 3 6  
56 4 3 7  
56 4 3 8  
56 4 3 9  
56 4 3 10  
56 4 3 11  
56 4 3 12  
56 4 3 13  
56 4 3 14  
56 4 3 15  
56 4 3 16  
56 4 3 17  
56 4 3 18  
56 4 3 19  
56 4 3 20  
56 4 3 21  
56 4 3 22  
56 4 3 23  
56 4 3 24  
56 4 3 25  
56 4 3 26  
56 4 3 27  
56 4 3 28  
56 4 3 29  
56 4 3 30  
56 4 4 1  
56 4 4 2  
56 4 4 3  
56 4 4 4  
56 4 4 5  
56 4 4 6  
56 4 4 7  
56 4 4 8  
56 4 4 9  
56 4 4 10  
56 4 4 11  
56 4 4 12  
56 4 4 13  
56 4 4 14  
56 4 4 15  
56 4 4 16  
56 4 4 17  
56 4 4 18  
56 4 4 19  
56 4 4 20  
56 4 4 21  
56 4 4 22  
56 4 4 23  
56 4 4 24  
56 4 4 25  
56 4 4 26  
56 4 4 27  
56 4 4 28  
56 4 4 29  
56 4 4 30  
56 4 5 1  
56 4 5 2  
56 4 5 3  
56 4 5 4  
56 4 5 5  
56 4 5 6  
56 4 5 7  
56 4 5 8  
56 4 5 9  
56 4 5 10  
56 4 5 11  
56 4 5 12  
56 4 5 13  
56 4 5 14  
56 4 5 15  
56 4 5 16  
56 4 5 17  
56 4 5 18  
56 4 5 19  
56 4 5 20  
56 4 5 21  
56 4 5 22  
56 4 5 23  
56 4 5 24  
56 4 5 25  
56 4 5 26  
56 4 5 27  
56 4 5 28  
56 4 5 29  
56 4 5 30  
56 4 6 1  
56 4 6 2  
56 4 6 3  
56 4 6 4  
56 4 6 5  
56 4 6 6  
56 4 6 7  
56 4 6 8  
56 4 6 9  
56 4 6 10  
56 4 6 11  
56 4 6 12  
56 4 6 13  
56 4 6 14  
56 4 6 15  
56 4 6 16  
56 4 6 17  
56 4 6 18  
56 4 6 19  
56 4 6 20  
56 4 6 21  
56 4 6 22  
56 4 6 23  
56 4 6 24  
56 4 6 25  
56 4 6 26  
56 4 6 27  
56 4 6 28  
56 4 6 29  
56 4 6 30  
56 4 7 1  
56 4 7 2  
56 4 7 3  
56 4 7 4  
56 4 7 5  
56 4 7 6  
56 4 7 7  
56 4 7 8  
56 4 7 9  
56 4 7 10  
56 4 7 11  
56 4 7 12  
56 4 7 13  
56 4 7 14  
56 4 7 15  
56 4 7 16  
56 4 7 17  
56 4 7 18  
56 4 7 19  
56 4 7 20  
56 4 7 21  
56 4 7 22  
56 4 7 23  
56 4 7 24  
56 4 7 25  
56 4 7 26  
56 4 7 27  
56 4 7 28  
56 4 7 29  
56 4 7 30  
56 4 8 1  
56 4 8 2  
56 4 8 3  
56 4 8 4  
56 4 8 5  
56 4 8 6  
56 4 8 7  
56 4 8 8  
56 4 8 9  
56 4 8 10  
56 4 8 11  
56 4 8 12  
56 4 8 13  
56 4 8 14  
56 4 8 15  
56 4 8 16  
56 4 8 17  
56 4 8 18  
56 4 8 19  
56 4 8 20  
56 4 8 21  
56 4 8 22  
56 4 8 23  
56 4 8 24  
56 4 8 25  
56 4 8 26  
56 4 8 27  
56 4 8 28  
56 4 8 29  
56 4 8 30  
56 4 9 1  
56 4 9 2  
56 4 9 3  
56 4 9 4  
56 4 9 5  
56 4 9 6  
56 4 9 7  
56 4 9 8  
56 4 9 9  
56 4 9 10  
56 4 9 11  
56 4 9 12  
56 4 9 13  
56 4 9 14  
56 4 9 15  
56 4 9 16  
56 4 9 17  
56 4 9 18  
56 4 9 19  
56 4 9 20  
56 4 9 21  
56 4 9 22  
56 4 9 23  
56 4 9 24  
56 4 9 25  
56 4 9 26  
56 4 9 27  
56 4 9 28  
56 4 9 29  
56 4 9 30  
56 4 10 1  
56 4 10 2  
56 4 10 3  
56 4 10 4  
56 4 10 5  
56 4 10 6  
56 4 10 7  
56 4 10 8  
56 4 10 9  
56 4 10 10  
56 4 10 11  
56 4 10 12  
56 4 10 13  
56 4 10 14  
56 4 10 15  
56 4 10 16  
56 4 10 17  
56 4 10 18  
56 4 10 19  
56 4 10 20  
56 4 10 21  
56 4 10 22  
56 4 10 23  
56 4 10 24  
56 4 10 25  
56 4 10 26  
56 4 10 27  
56 4 10 28  
56 4 10 29  
56 4 10 30  
57 4 1 1  
57 4 1 2  
57 4 1 3  
57 4 1 4  
57 4 1 5  
57 4 1 6  
57 4 1 7  
57 4 1 8  
57 4 1 9  
57 4 1 10  
57 4 1 11  
57 4 1 12  
57 4 1 13  
57 4 1 14  
57 4 1 15  
57 4 1 16  
57 4 1 17  
57 4 1 18  
57 4 1 19  
57 4 1 20  
57 4 1 21  
57 4 1 22  
57 4 1 23  
57 4 1 24  
57 4 1 25  
57 4 1 26  
57 4 1 27  
57 4 1 28  
57 4 1 29  
57 4 1 30  
57 4 2 1  
57 4 2 2  
57 4 2 3  
57 4 2 4  
57 4 2 5  
57 4 2 6  
57 4 2 7  
57 4 2 8  
57 4 2 9  
57 4 2 10  
57 4 2 11  
57 4 2 12  
57 4 2 13  
57 4 2 14  
57 4 2 15  
57 4 2 16  
57 4 2 17  
57 4 2 18  
57 4 2 19  
57 4 2 20  
57 4 2 21  
57 4 2 22  
57 4 2 23  
57 4 2 24  
57 4 2 25  
57 4 2 26  
57 4 2 27  
57 4 2 28  
57 4 2 29  
57 4 2 30  
57 4 3 1  
57 4 3 2  
57 4 3 3  
57 4 3 4  
57 4 3 5  
57 4 3 6  
57 4 3 7  
57 4 3 8  
57 4 3 9  
57 4 3 10  
57 4 3 11  
57 4 3 12  
57 4 3 13  
57 4 3 14  
57 4 3 15  
57 4 3 16  
57 4 3 17  
57 4 3 18  
57 4 3 19  
57 4 3 20  
57 4 3 21  
57 4 3 22  
57 4 3 23  
57 4 3 24  
57 4 3 25  
57 4 3 26  
57 4 3 27  
57 4 3 28  
57 4 3 29  
57 4 3 30  
57 4 4 1  
57 4 4 2  
57 4 4 3  
57 4 4 4  
57 4 4 5  
57 4 4 6  
57 4 4 7  
57 4 4 8  
57 4 4 9  
57 4 4 10  
57 4 4 11  
57 4 4 12  
57 4 4 13  
57 4 4 14  
57 4 4 15  
57 4 4 16  
57 4 4 17  
57 4 4 18  
57 4 4 19  
57 4 4 20  
57 4 4 21  
57 4 4 22  
57 4 4 23  
57 4 4 24  
57 4 4 25  
57 4 4 26  
57 4 4 27  
57 4 4 28  
57 4 4 29  
57 4 4 30  
57 4 5 1  
57 4 5 2  
57 4 5 3  
57 4 5 4  
57 4 5 5  
57 4 5 6  
57 4 5 7  
57 4 5 8  
57 4 5 9  
57 4 5 10  
57 4 5 11  
57 4 5 12  
57 4 5 13  
57 4 5 14  
57 4 5 15  
57 4 5 16  
57 4 5 17  
57 4 5 18  
57 4 5 19  
57 4 5 20  
57 4 5 21  
57 4 5 22  
57 4 5 23  
57 4 5 24  
57 4 5 25  
57 4 5 26  
57 4 5 27  
57 4 5 28  
57 4 5 29  
57 4 5 30  
57 4 6 1  
57 4 6 2  
57 4 6 3  
57 4 6 4  
57 4 6 5  
57 4 6 6  
57 4 6 7  
57 4 6 8  
57 4 6 9  
57 4 6 10  
57 4 6 11  
57 4 6 12  
57 4 6 13  
57 4 6 14  
57 4 6 15  
57 4 6 16  
57 4 6 17  
57 4 6 18  
57 4 6 19  
57 4 6 20  
57 4 6 21  
57 4 6 22  
57 4 6 23  
57 4 6 24  
57 4 6 25  
57 4 6 26  
57 4 6 27  
57 4 6 28  
57 4 6 29  
57 4 6 30  
57 4 7 1  
57 4 7 2  
57 4 7 3  
57 4 7 4  
57 4 7 5  
57 4 7 6  
57 4 7 7  
57 4 7 8  
57 4 7 9  
57 4 7 10  
57 4 7 11  
57 4 7 12  
57 4 7 13  
57 4 7 14  
57 4 7 15  
57 4 7 16  
57 4 7 17  
57 4 7 18  
57 4 7 19  
57 4 7 20  
57 4 7 21  
57 4 7 22  
57 4 7 23  
57 4 7 24  
57 4 7 25  
57 4 7 26  
57 4 7 27  
57 4 7 28  
57 4 7 29  
57 4 7 30  
57 4 8 1  
57 4 8 2  
57 4 8 3  
57 4 8 4  
57 4 8 5  
57 4 8 6  
57 4 8 7  
57 4 8 8  
57 4 8 9  
57 4 8 10  
57 4 8 11  
57 4 8 12  
57 4 8 13  
57 4 8 14  
57 4 8 15  
57 4 8 16  
57 4 8 17  
57 4 8 18  
57 4 8 19  
57 4 8 20  
57 4 8 21  
57 4 8 22  
57 4 8 23  
57 4 8 24  
57 4 8 25  
57 4 8 26  
57 4 8 27  
57 4 8 28  
57 4 8 29  
57 4 8 30  
57 4 9 1  
57 4 9 2  
57 4 9 3  
57 4 9 4  
57 4 9 5  
57 4 9 6  
57 4 9 7  
57 4 9 8  
57 4 9 9  
57 4 9 10  
57 4 9 11  
57 4 9 12  
57 4 9 13  
57 4 9 14  
57 4 9 15  
57 4 9 16  
57 4 9 17  
57 4 9 18  
57 4 9 19  
57 4 9 20  
57 4 9 21  
57 4 9 22  
57 4 9 23  
57 4 9 24  
57 4 9 25  
57 4 9 26  
57 4 9 27  
57 4 9 28  
57 4 9 29  
57 4 9 30  
57 4 10 1  
57 4 10 2  
57 4 10 3  
57 4 10 4  
57 4 10 5  
57 4 10 6  
57 4 10 7  
57 4 10 8  
57 4 10 9  
57 4 10 10  
57 4 10 11  
57 4 10 12  
57 4 10 13  
57 4 10 14  
57 4 10 15  
57 4 10 16  
57 4 10 17  
57 4 10 18  
57 4 10 19  
57 4 10 20  
57 4 10 21  
57 4 10 22  
57 4 10 23  
57 4 10 24  
57 4 10 25  
57 4 10 26  
57 4 10 27  
57 4 10 28  
57 4 10 29  
57 4 10 30  
58 4 1 1  
58 4 1 2  
58 4 1 3  
58 4 1 4  
58 4 1 5  
58 4 1 6  
58 4 1 7  
58 4 1 8  
58 4 1 9  
58 4 1 10  
58 4 1 11  
58 4 1 12  
58 4 1 13  
58 4 1 14  
58 4 1 15  
58 4 1 16  
58 4 1 17  
58 4 1 18  
58 4 1 19  
58 4 1 20  
58 4 1 21  
58 4 1 22  
58 4 1 23  
58 4 1 24  
58 4 1 25  
58 4 1 26  
58 4 1 27  
58 4 1 28  
58 4 1 29  
58 4 1 30  
58 4 2 1  
58 4 2 2  
58 4 2 3  
58 4 2 4  
58 4 2 5  
58 4 2 6  
58 4 2 7  
58 4 2 8  
58 4 2 9  
58 4 2 10  
58 4 2 11  
58 4 2 12  
58 4 2 13  
58 4 2 14  
58 4 2 15  
58 4 2 16  
58 4 2 17  
58 4 2 18  
58 4 2 19  
58 4 2 20  
58 4 2 21  
58 4 2 22  
58 4 2 23  
58 4 2 24  
58 4 2 25  
58 4 2 26  
58 4 2 27  
58 4 2 28  
58 4 2 29  
58 4 2 30  
58 4 3 1  
58 4 3 2  
58 4 3 3  
58 4 3 4  
58 4 3 5  
58 4 3 6  
58 4 3 7  
58 4 3 8  
58 4 3 9  
58 4 3 10  
58 4 3 11  
58 4 3 12  
58 4 3 13  
58 4 3 14  
58 4 3 15  
58 4 3 16  
58 4 3 17  
58 4 3 18  
58 4 3 19  
58 4 3 20  
58 4 3 21  
58 4 3 22  
58 4 3 23  
58 4 3 24  
58 4 3 25  
58 4 3 26  
58 4 3 27  
58 4 3 28  
58 4 3 29  
58 4 3 30  
58 4 4 1  
58 4 4 2  
58 4 4 3  
58 4 4 4  
58 4 4 5  
58 4 4 6  
58 4 4 7  
58 4 4 8  
58 4 4 9  
58 4 4 10  
58 4 4 11  
58 4 4 12  
58 4 4 13  
58 4 4 14  
58 4 4 15  
58 4 4 16  
58 4 4 17  
58 4 4 18  
58 4 4 19  
58 4 4 20  
58 4 4 21  
58 4 4 22  
58 4 4 23  
58 4 4 24  
58 4 4 25  
58 4 4 26  
58 4 4 27  
58 4 4 28  
58 4 4 29  
58 4 4 30  
58 4 5 1  
58 4 5 2  
58 4 5 3  
58 4 5 4  
58 4 5 5  
58 4 5 6  
58 4 5 7  
58 4 5 8  
58 4 5 9  
58 4 5 10  
58 4 5 11  
58 4 5 12  
58 4 5 13  
58 4 5 14  
58 4 5 15  
58 4 5 16  
58 4 5 17  
58 4 5 18  
58 4 5 19  
58 4 5 20  
58 4 5 21  
58 4 5 22  
58 4 5 23  
58 4 5 24  
58 4 5 25  
58 4 5 26  
58 4 5 27  
58 4 5 28  
58 4 5 29  
58 4 5 30  
58 4 6 1  
58 4 6 2  
58 4 6 3  
58 4 6 4  
58 4 6 5  
58 4 6 6  
58 4 6 7  
58 4 6 8  
58 4 6 9  
58 4 6 10  
58 4 6 11  
58 4 6 12  
58 4 6 13  
58 4 6 14  
58 4 6 15  
58 4 6 16  
58 4 6 17  
58 4 6 18  
58 4 6 19  
58 4 6 20  
58 4 6 21  
58 4 6 22  
58 4 6 23  
58 4 6 24  
58 4 6 25  
58 4 6 26  
58 4 6 27  
58 4 6 28  
58 4 6 29  
58 4 6 30  
58 4 7 1  
58 4 7 2  
58 4 7 3  
58 4 7 4  
58 4 7 5  
58 4 7 6  
58 4 7 7  
58 4 7 8  
58 4 7 9  
58 4 7 10  
58 4 7 11  
58 4 7 12  
58 4 7 13  
58 4 7 14  
58 4 7 15  
58 4 7 16  
58 4 7 17  
58 4 7 18  
58 4 7 19  
58 4 7 20  
58 4 7 21  
58 4 7 22  
58 4 7 23  
58 4 7 24  
58 4 7 25  
58 4 7 26  
58 4 7 27  
58 4 7 28  
58 4 7 29  
58 4 7 30  
58 4 8 1  
58 4 8 2  
58 4 8 3  
58 4 8 4  
58 4 8 5  
58 4 8 6  
58 4 8 7  
58 4 8 8  
58 4 8 9  
58 4 8 10  
58 4 8 11  
58 4 8 12  
58 4 8 13  
58 4 8 14  
58 4 8 15  
58 4 8 16  
58 4 8 17  
58 4 8 18  
58 4 8 19  
58 4 8 20  
58 4 8 21  
58 4 8 22  
58 4 8 23  
58 4 8 24  
58 4 8 25  
58 4 8 26  
58 4 8 27  
58 4 8 28  
58 4 8 29  
58 4 8 30  
58 4 9 1  
58 4 9 2  
58 4 9 3  
58 4 9 4  
58 4 9 5  
58 4 9 6  
58 4 9 7  
58 4 9 8  
58 4 9 9  
58 4 9 10  
58 4 9 11  
58 4 9 12  
58 4 9 13  
58 4 9 14  
58 4 9 15  
58 4 9 16  
58 4 9 17  
58 4 9 18  
58 4 9 19  
58 4 9 20  
58 4 9 21  
58 4 9 22  
58 4 9 23  
58 4 9 24  
58 4 9 25  
58 4 9 26  
58 4 9 27  
58 4 9 28  
58 4 9 29  
58 4 9 30  
58 4 10 1  
58 4 10 2  
58 4 10 3  
58 4 10 4  
58 4 10 5  
58 4 10 6  
58 4 10 7  
58 4 10 8  
58 4 10 9  
58 4 10 10  
58 4 10 11  
58 4 10 12  
58 4 10 13  
58 4 10 14  
58 4 10 15  
58 4 10 16  
58 4 10 17  
58 4 10 18  
58 4 10 19  
58 4 10 20  
58 4 10 21  
58 4 10 22  
58 4 10 23  
58 4 10 24  
58 4 10 25  
58 4 10 26  
58 4 10 27  
58 4 10 28  
58 4 10 29  
58 4 10 30  
59 4 1 1  
59 4 1 2  
59 4 1 3  
59 4 1 4  
59 4 1 5  
59 4 1 6  
59 4 1 7  
59 4 1 8  
59 4 1 9  
59 4 1 10  
59 4 1 11  
59 4 1 12  
59 4 1 13  
59 4 1 14  
59 4 1 15  
59 4 1 16  
59 4 1 17  
59 4 1 18  
59 4 1 19  
59 4 1 20  
59 4 1 21  
59 4 1 22  
59 4 1 23  
59 4 1 24  
59 4 1 25  
59 4 1 26  
59 4 1 27  
59 4 1 28  
59 4 1 29  
59 4 1 30  
59 4 2 1  
59 4 2 2  
59 4 2 3  
59 4 2 4  
59 4 2 5  
59 4 2 6  
59 4 2 7  
59 4 2 8  
59 4 2 9  
59 4 2 10  
59 4 2 11  
59 4 2 12  
59 4 2 13  
59 4 2 14  
59 4 2 15  
59 4 2 16  
59 4 2 17  
59 4 2 18  
59 4 2 19  
59 4 2 20  
59 4 2 21  
59 4 2 22  
59 4 2 23  
59 4 2 24  
59 4 2 25  
59 4 2 26  
59 4 2 27  
59 4 2 28  
59 4 2 29  
59 4 2 30  
59 4 3 1  
59 4 3 2  
59 4 3 3  
59 4 3 4  
59 4 3 5  
59 4 3 6  
59 4 3 7  
59 4 3 8  
59 4 3 9  
59 4 3 10  
59 4 3 11  
59 4 3 12  
59 4 3 13  
59 4 3 14  
59 4 3 15  
59 4 3 16  
59 4 3 17  
59 4 3 18  
59 4 3 19  
59 4 3 20  
59 4 3 21  
59 4 3 22  
59 4 3 23  
59 4 3 24  
59 4 3 25  
59 4 3 26  
59 4 3 27  
59 4 3 28  
59 4 3 29  
59 4 3 30  
59 4 4 1  
59 4 4 2  
59 4 4 3  
59 4 4 4  
59 4 4 5  
59 4 4 6  
59 4 4 7  
59 4 4 8  
59 4 4 9  
59 4 4 10  
59 4 4 11  
59 4 4 12  
59 4 4 13  
59 4 4 14  
59 4 4 15  
59 4 4 16  
59 4 4 17  
59 4 4 18  
59 4 4 19  
59 4 4 20  
59 4 4 21  
59 4 4 22  
59 4 4 23  
59 4 4 24  
59 4 4 25  
59 4 4 26  
59 4 4 27  
59 4 4 28  
59 4 4 29  
59 4 4 30  
59 4 5 1  
59 4 5 2  
59 4 5 3  
59 4 5 4  
59 4 5 5  
59 4 5 6  
59 4 5 7  
59 4 5 8  
59 4 5 9  
59 4 5 10  
59 4 5 11  
59 4 5 12  
59 4 5 13  
59 4 5 14  
59 4 5 15  
59 4 5 16  
59 4 5 17  
59 4 5 18  
59 4 5 19  
59 4 5 20  
59 4 5 21  
59 4 5 22  
59 4 5 23  
59 4 5 24  
59 4 5 25  
59 4 5 26  
59 4 5 27  
59 4 5 28  
59 4 5 29  
59 4 5 30  
59 4 6 1  
59 4 6 2  
59 4 6 3  
59 4 6 4  
59 4 6 5  
59 4 6 6  
59 4 6 7  
59 4 6 8  
59 4 6 9  
59 4 6 10  
59 4 6 11  
59 4 6 12  
59 4 6 13  
59 4 6 14  
59 4 6 15  
59 4 6 16  
59 4 6 17  
59 4 6 18  
59 4 6 19  
59 4 6 20  
59 4 6 21  
59 4 6 22  
59 4 6 23  
59 4 6 24  
59 4 6 25  
59 4 6 26  
59 4 6 27  
59 4 6 28  
59 4 6 29  
59 4 6 30  
59 4 7 1  
59 4 7 2  
59 4 7 3  
59 4 7 4  
59 4 7 5  
59 4 7 6  
59 4 7 7  
59 4 7 8  
59 4 7 9  
59 4 7 10  
59 4 7 11  
59 4 7 12  
59 4 7 13  
59 4 7 14  
59 4 7 15  
59 4 7 16  
59 4 7 17  
59 4 7 18  
59 4 7 19  
59 4 7 20  
59 4 7 21  
59 4 7 22  
59 4 7 23  
59 4 7 24  
59 4 7 25  
59 4 7 26  
59 4 7 27  
59 4 7 28  
59 4 7 29  
59 4 7 30  
59 4 8 1  
59 4 8 2  
59 4 8 3  
59 4 8 4  
59 4 8 5  
59 4 8 6  
59 4 8 7  
59 4 8 8  
59 4 8 9  
59 4 8 10  
59 4 8 11  
59 4 8 12  
59 4 8 13  
59 4 8 14  
59 4 8 15  
59 4 8 16  
59 4 8 17  
59 4 8 18  
59 4 8 19  
59 4 8 20  
59 4 8 21  
59 4 8 22  
59 4 8 23  
59 4 8 24  
59 4 8 25  
59 4 8 26  
59 4 8 27  
59 4 8 28  
59 4 8 29  
59 4 8 30  
59 4 9 1  
59 4 9 2  
59 4 9 3  
59 4 9 4  
59 4 9 5  
59 4 9 6  
59 4 9 7  
59 4 9 8  
59 4 9 9  
59 4 9 10  
59 4 9 11  
59 4 9 12  
59 4 9 13  
59 4 9 14  
59 4 9 15  
59 4 9 16  
59 4 9 17  
59 4 9 18  
59 4 9 19  
59 4 9 20  
59 4 9 21  
59 4 9 22  
59 4 9 23  
59 4 9 24  
59 4 9 25  
59 4 9 26  
59 4 9 27  
59 4 9 28  
59 4 9 29  
59 4 9 30  
59 4 10 1  
59 4 10 2  
59 4 10 3  
59 4 10 4  
59 4 10 5  
59 4 10 6  
59 4 10 7  
59 4 10 8  
59 4 10 9  
59 4 10 10  
59 4 10 11  
59 4 10 12  
59 4 10 13  
59 4 10 14  
59 4 10 15  
59 4 10 16  
59 4 10 17  
59 4 10 18  
59 4 10 19  
59 4 10 20  
59 4 10 21  
59 4 10 22  
59 4 10 23  
59 4 10 24  
59 4 10 25  
59 4 10 26  
59 4 10 27  
59 4 10 28  
59 4 10 29  
59 4 10 30  
60 4 1 1  
60 4 1 2  
60 4 1 3  
60 4 1 4  
60 4 1 5  
60 4 1 6  
60 4 1 7  
60 4 1 8  
60 4 1 9  
60 4 1 10  
60 4 1 11  
60 4 1 12  
60 4 1 13  
60 4 1 14  
60 4 1 15  
60 4 1 16  
60 4 1 17  
60 4 1 18  
60 4 1 19  
60 4 1 20  
60 4 1 21  
60 4 1 22  
60 4 1 23  
60 4 1 24  
60 4 1 25  
60 4 1 26  
60 4 1 27  
60 4 1 28  
60 4 1 29  
60 4 1 30  
60 4 2 1  
60 4 2 2  
60 4 2 3  
60 4 2 4  
60 4 2 5  
60 4 2 6  
60 4 2 7  
60 4 2 8  
60 4 2 9  
60 4 2 10  
60 4 2 11  
60 4 2 12  
60 4 2 13  
60 4 2 14  
60 4 2 15  
60 4 2 16  
60 4 2 17  
60 4 2 18  
60 4 2 19  
60 4 2 20  
60 4 2 21  
60 4 2 22  
60 4 2 23  
60 4 2 24  
60 4 2 25  
60 4 2 26  
60 4 2 27  
60 4 2 28  
60 4 2 29  
60 4 2 30  
60 4 3 1  
60 4 3 2  
60 4 3 3  
60 4 3 4  
60 4 3 5  
60 4 3 6  
60 4 3 7  
60 4 3 8  
60 4 3 9  
60 4 3 10  
60 4 3 11  
60 4 3 12  
60 4 3 13  
60 4 3 14  
60 4 3 15  
60 4 3 16  
60 4 3 17  
60 4 3 18  
60 4 3 19  
60 4 3 20  
60 4 3 21  
60 4 3 22  
60 4 3 23  
60 4 3 24  
60 4 3 25  
60 4 3 26  
60 4 3 27  
60 4 3 28  
60 4 3 29  
60 4 3 30  
60 4 4 1  
60 4 4 2  
60 4 4 3  
60 4 4 4  
60 4 4 5  
60 4 4 6  
60 4 4 7  
60 4 4 8  
60 4 4 9  
60 4 4 10  
60 4 4 11  
60 4 4 12  
60 4 4 13  
60 4 4 14  
60 4 4 15  
60 4 4 16  
60 4 4 17  
60 4 4 18  
60 4 4 19  
60 4 4 20  
60 4 4 21  
60 4 4 22  
60 4 4 23  
60 4 4 24  
60 4 4 25  
60 4 4 26  
60 4 4 27  
60 4 4 28  
60 4 4 29  
60 4 4 30  
60 4 5 1  
60 4 5 2  
60 4 5 3  
60 4 5 4  
60 4 5 5  
60 4 5 6  
60 4 5 7  
60 4 5 8  
60 4 5 9  
60 4 5 10  
60 4 5 11  
60 4 5 12  
60 4 5 13  
60 4 5 14  
60 4 5 15  
60 4 5 16  
60 4 5 17  
60 4 5 18  
60 4 5 19  
60 4 5 20  
60 4 5 21  
60 4 5 22  
60 4 5 23  
60 4 5 24  
60 4 5 25  
60 4 5 26  
60 4 5 27  
60 4 5 28  
60 4 5 29  
60 4 5 30  
60 4 6 1  
60 4 6 2  
60 4 6 3  
60 4 6 4  
60 4 6 5  
60 4 6 6  
60 4 6 7  
60 4 6 8  
60 4 6 9  
60 4 6 10  
60 4 6 11  
60 4 6 12  
60 4 6 13  
60 4 6 14  
60 4 6 15  
60 4 6 16  
60 4 6 17  
60 4 6 18  
60 4 6 19  
60 4 6 20  
60 4 6 21  
60 4 6 22  
60 4 6 23  
60 4 6 24  
60 4 6 25  
60 4 6 26  
60 4 6 27  
60 4 6 28  
60 4 6 29  
60 4 6 30  
60 4 7 1  
60 4 7 2  
60 4 7 3  
60 4 7 4  
60 4 7 5  
60 4 7 6  
60 4 7 7  
60 4 7 8  
60 4 7 9  
60 4 7 10  
60 4 7 11  
60 4 7 12  
60 4 7 13  
60 4 7 14  
60 4 7 15  
60 4 7 16  
60 4 7 17  
60 4 7 18  
60 4 7 19  
60 4 7 20  
60 4 7 21  
60 4 7 22  
60 4 7 23  
60 4 7 24  
60 4 7 25  
60 4 7 26  
60 4 7 27  
60 4 7 28  
60 4 7 29  
60 4 7 30  
60 4 8 1  
60 4 8 2  
60 4 8 3  
60 4 8 4  
60 4 8 5  
60 4 8 6  
60 4 8 7  
60 4 8 8  
60 4 8 9  
60 4 8 10  
60 4 8 11  
60 4 8 12  
60 4 8 13  
60 4 8 14  
60 4 8 15  
60 4 8 16  
60 4 8 17  
60 4 8 18  
60 4 8 19  
60 4 8 20  
60 4 8 21  
60 4 8 22  
60 4 8 23  
60 4 8 24  
60 4 8 25  
60 4 8 26  
60 4 8 27  
60 4 8 28  
60 4 8 29  
60 4 8 30  
60 4 9 1  
60 4 9 2  
60 4 9 3  
60 4 9 4  
60 4 9 5  
60 4 9 6  
60 4 9 7  
60 4 9 8  
60 4 9 9  
60 4 9 10  
60 4 9 11  
60 4 9 12  
60 4 9 13  
60 4 9 14  
60 4 9 15  
60 4 9 16  
60 4 9 17  
60 4 9 18  
60 4 9 19  
60 4 9 20  
60 4 9 21  
60 4 9 22  
60 4 9 23  
60 4 9 24  
60 4 9 25  
60 4 9 26  
60 4 9 27  
60 4 9 28  
60 4 9 29  
60 4 9 30  
60 4 10 1  
60 4 10 2  
60 4 10 3  
60 4 10 4  
60 4 10 5  
60 4 10 6  
60 4 10 7  
60 4 10 8  
60 4 10 9  
60 4 10 10  
60 4 10 11  
60 4 10 12  
60 4 10 13  
60 4 10 14  
60 4 10 15  
60 4 10 16  
60 4 10 17  
60 4 10 18  
60 4 10 19  
60 4 10 20  
60 4 10 21  
60 4 10 22  
60 4 10 23  
60 4 10 24  
60 4 10 25  
60 4 10 26  
60 4 10 27  
60 4 10 28  
60 4 10 29  
60 4 10 30  
61 4 1 1  
61 4 1 2  
61 4 1 3  
61 4 1 4  
61 4 1 5  
61 4 1 6  
61 4 1 7  
61 4 1 8  
61 4 1 9  
61 4 1 10  
61 4 1 11  
61 4 1 12  
61 4 1 13  
61 4 1 14  
61 4 1 15  
61 4 1 16  
61 4 1 17  
61 4 1 18  
61 4 1 19  
61 4 1 20  
61 4 1 21  
61 4 1 22  
61 4 1 23  
61 4 1 24  
61 4 1 25  
61 4 1 26  
61 4 1 27  
61 4 1 28  
61 4 1 29  
61 4 1 30  
61 4 2 1  
61 4 2 2  
61 4 2 3  
61 4 2 4  
61 4 2 5  
61 4 2 6  
61 4 2 7  
61 4 2 8  
61 4 2 9  
61 4 2 10  
61 4 2 11  
61 4 2 12  
61 4 2 13  
61 4 2 14  
61 4 2 15  
61 4 2 16  
61 4 2 17  
61 4 2 18  
61 4 2 19  
61 4 2 20  
61 4 2 21  
61 4 2 22  
61 4 2 23  
61 4 2 24  
61 4 2 25  
61 4 2 26  
61 4 2 27  
61 4 2 28  
61 4 2 29  
61 4 2 30  
61 4 3 1  
61 4 3 2  
61 4 3 3  
61 4 3 4  
61 4 3 5  
61 4 3 6  
61 4 3 7  
61 4 3 8  
61 4 3 9  
61 4 3 10  
61 4 3 11  
61 4 3 12  
61 4 3 13  
61 4 3 14  
61 4 3 15  
61 4 3 16  
61 4 3 17  
61 4 3 18  
61 4 3 19  
61 4 3 20  
61 4 3 21  
61 4 3 22  
61 4 3 23  
61 4 3 24  
61 4 3 25  
61 4 3 26  
61 4 3 27  
61 4 3 28  
61 4 3 29  
61 4 3 30  
61 4 4 1  
61 4 4 2  
61 4 4 3  
61 4 4 4  
61 4 4 5  
61 4 4 6  
61 4 4 7  
61 4 4 8  
61 4 4 9  
61 4 4 10  
61 4 4 11  
61 4 4 12  
61 4 4 13  
61 4 4 14  
61 4 4 15  
61 4 4 16  
61 4 4 17  
61 4 4 18  
61 4 4 19  
61 4 4 20  
61 4 4 21  
61 4 4 22  
61 4 4 23  
61 4 4 24  
61 4 4 25  
61 4 4 26  
61 4 4 27  
61 4 4 28  
61 4 4 29  
61 4 4 30  
61 4 5 1  
61 4 5 2  
61 4 5 3  
61 4 5 4  
61 4 5 5  
61 4 5 6  
61 4 5 7  
61 4 5 8  
61 4 5 9  
61 4 5 10  
61 4 5 11  
61 4 5 12  
61 4 5 13  
61 4 5 14  
61 4 5 15  
61 4 5 16  
61 4 5 17  
61 4 5 18  
61 4 5 19  
61 4 5 20  
61 4 5 21  
61 4 5 22  
61 4 5 23  
61 4 5 24  
61 4 5 25  
61 4 5 26  
61 4 5 27  
61 4 5 28  
61 4 5 29  
61 4 5 30  
61 4 6 1  
61 4 6 2  
61 4 6 3  
61 4 6 4  
61 4 6 5  
61 4 6 6  
61 4 6 7  
61 4 6 8  
61 4 6 9  
61 4 6 10  
61 4 6 11  
61 4 6 12  
61 4 6 13  
61 4 6 14  
61 4 6 15  
61 4 6 16  
61 4 6 17  
61 4 6 18  
61 4 6 19  
61 4 6 20  
61 4 6 21  
61 4 6 22  
61 4 6 23  
61 4 6 24  
61 4 6 25  
61 4 6 26  
61 4 6 27  
61 4 6 28  
61 4 6 29  
61 4 6 30  
61 4 7 1  
61 4 7 2  
61 4 7 3  
61 4 7 4  
61 4 7 5  
61 4 7 6  
61 4 7 7  
61 4 7 8  
61 4 7 9  
61 4 7 10  
61 4 7 11  
61 4 7 12  
61 4 7 13  
61 4 7 14  
61 4 7 15  
61 4 7 16  
61 4 7 17  
61 4 7 18  
61 4 7 19  
61 4 7 20  
61 4 7 21  
61 4 7 22  
61 4 7 23  
61 4 7 24  
61 4 7 25  
61 4 7 26  
61 4 7 27  
61 4 7 28  
61 4 7 29  
61 4 7 30  
61 4 8 1  
61 4 8 2  
61 4 8 3  
61 4 8 4  
61 4 8 5  
61 4 8 6  
61 4 8 7  
61 4 8 8  
61 4 8 9  
61 4 8 10  
61 4 8 11  
61 4 8 12  
61 4 8 13  
61 4 8 14  
61 4 8 15  
61 4 8 16  
61 4 8 17  
61 4 8 18  
61 4 8 19  
61 4 8 20  
61 4 8 21  
61 4 8 22  
61 4 8 23  
61 4 8 24  
61 4 8 25  
61 4 8 26  
61 4 8 27  
61 4 8 28  
61 4 8 29  
61 4 8 30  
61 4 9 1  
61 4 9 2  
61 4 9 3  
61 4 9 4  
61 4 9 5  
61 4 9 6  
61 4 9 7  
61 4 9 8  
61 4 9 9  
61 4 9 10  
61 4 9 11  
61 4 9 12  
61 4 9 13  
61 4 9 14  
61 4 9 15  
61 4 9 16  
61 4 9 17  
61 4 9 18  
61 4 9 19  
61 4 9 20  
61 4 9 21  
61 4 9 22  
61 4 9 23  
61 4 9 24  
61 4 9 25  
61 4 9 26  
61 4 9 27  
61 4 9 28  
61 4 9 29  
61 4 9 30  
61 4 10 1  
61 4 10 2  
61 4 10 3  
61 4 10 4  
61 4 10 5  
61 4 10 6  
61 4 10 7  
61 4 10 8  
61 4 10 9  
61 4 10 10  
61 4 10 11  
61 4 10 12  
61 4 10 13  
61 4 10 14  
61 4 10 15  
61 4 10 16  
61 4 10 17  
61 4 10 18  
61 4 10 19  
61 4 10 20  
61 4 10 21  
61 4 10 22  
61 4 10 23  
61 4 10 24  
61 4 10 25  
61 4 10 26  
61 4 10 27  
61 4 10 28  
61 4 10 29  
61 4 10 30  
62 4 1 1  
62 4 1 2  
62 4 1 3  
62 4 1 4  
62 4 1 5  
62 4 1 6  
62 4 1 7  
62 4 1 8  
62 4 1 9  
62 4 1 10  
62 4 1 11  
62 4 1 12  
62 4 1 13  
62 4 1 14  
62 4 1 15  
62 4 1 16  
62 4 1 17  
62 4 1 18  
62 4 1 19  
62 4 1 20  
62 4 1 21  
62 4 1 22  
62 4 1 23  
62 4 1 24  
62 4 1 25  
62 4 1 26  
62 4 1 27  
62 4 1 28  
62 4 1 29  
62 4 1 30  
62 4 2 1  
62 4 2 2  
62 4 2 3  
62 4 2 4  
62 4 2 5  
62 4 2 6  
62 4 2 7  
62 4 2 8  
62 4 2 9  
62 4 2 10  
62 4 2 11  
62 4 2 12  
62 4 2 13  
62 4 2 14  
62 4 2 15  
62 4 2 16  
62 4 2 17  
62 4 2 18  
62 4 2 19  
62 4 2 20  
62 4 2 21  
62 4 2 22  
62 4 2 23  
62 4 2 24  
62 4 2 25  
62 4 2 26  
62 4 2 27  
62 4 2 28  
62 4 2 29  
62 4 2 30  
62 4 3 1  
62 4 3 2  
62 4 3 3  
62 4 3 4  
62 4 3 5  
62 4 3 6  
62 4 3 7  
62 4 3 8  
62 4 3 9  
62 4 3 10  
62 4 3 11  
62 4 3 12  
62 4 3 13  
62 4 3 14  
62 4 3 15  
62 4 3 16  
62 4 3 17  
62 4 3 18  
62 4 3 19  
62 4 3 20  
62 4 3 21  
62 4 3 22  
62 4 3 23  
62 4 3 24  
62 4 3 25  
62 4 3 26  
62 4 3 27  
62 4 3 28  
62 4 3 29  
62 4 3 30  
62 4 4 1  
62 4 4 2  
62 4 4 3  
62 4 4 4  
62 4 4 5  
62 4 4 6  
62 4 4 7  
62 4 4 8  
62 4 4 9  
62 4 4 10  
62 4 4 11  
62 4 4 12  
62 4 4 13  
62 4 4 14  
62 4 4 15  
62 4 4 16  
62 4 4 17  
62 4 4 18  
62 4 4 19  
62 4 4 20  
62 4 4 21  
62 4 4 22  
62 4 4 23  
62 4 4 24  
62 4 4 25  
62 4 4 26  
62 4 4 27  
62 4 4 28  
62 4 4 29  
62 4 4 30  
62 4 5 1  
62 4 5 2  
62 4 5 3  
62 4 5 4  
62 4 5 5  
62 4 5 6  
62 4 5 7  
62 4 5 8  
62 4 5 9  
62 4 5 10  
62 4 5 11  
62 4 5 12  
62 4 5 13  
62 4 5 14  
62 4 5 15  
62 4 5 16  
62 4 5 17  
62 4 5 18  
62 4 5 19  
62 4 5 20  
62 4 5 21  
62 4 5 22  
62 4 5 23  
62 4 5 24  
62 4 5 25  
62 4 5 26  
62 4 5 27  
62 4 5 28  
62 4 5 29  
62 4 5 30  
62 4 6 1  
62 4 6 2  
62 4 6 3  
62 4 6 4  
62 4 6 5  
62 4 6 6  
62 4 6 7  
62 4 6 8  
62 4 6 9  
62 4 6 10  
62 4 6 11  
62 4 6 12  
62 4 6 13  
62 4 6 14  
62 4 6 15  
62 4 6 16  
62 4 6 17  
62 4 6 18  
62 4 6 19  
62 4 6 20  
62 4 6 21  
62 4 6 22  
62 4 6 23  
62 4 6 24  
62 4 6 25  
62 4 6 26  
62 4 6 27  
62 4 6 28  
62 4 6 29  
62 4 6 30  
62 4 7 1  
62 4 7 2  
62 4 7 3  
62 4 7 4  
62 4 7 5  
62 4 7 6  
62 4 7 7  
62 4 7 8  
62 4 7 9  
62 4 7 10  
62 4 7 11  
62 4 7 12  
62 4 7 13  
62 4 7 14  
62 4 7 15  
62 4 7 16  
62 4 7 17  
62 4 7 18  
62 4 7 19  
62 4 7 20  
62 4 7 21  
62 4 7 22  
62 4 7 23  
62 4 7 24  
62 4 7 25  
62 4 7 26  
62 4 7 27  
62 4 7 28  
62 4 7 29  
62 4 7 30  
62 4 8 1  
62 4 8 2  
62 4 8 3  
62 4 8 4  
62 4 8 5  
62 4 8 6  
62 4 8 7  
62 4 8 8  
62 4 8 9  
62 4 8 10  
62 4 8 11  
62 4 8 12  
62 4 8 13  
62 4 8 14  
62 4 8 15  
62 4 8 16  
62 4 8 17  
62 4 8 18  
62 4 8 19  
62 4 8 20  
62 4 8 21  
62 4 8 22  
62 4 8 23  
62 4 8 24  
62 4 8 25  
62 4 8 26  
62 4 8 27  
62 4 8 28  
62 4 8 29  
62 4 8 30  
62 4 9 1  
62 4 9 2  
62 4 9 3  
62 4 9 4  
62 4 9 5  
62 4 9 6  
62 4 9 7  
62 4 9 8  
62 4 9 9  
62 4 9 10  
62 4 9 11  
62 4 9 12  
62 4 9 13  
62 4 9 14  
62 4 9 15  
62 4 9 16  
62 4 9 17  
62 4 9 18  
62 4 9 19  
62 4 9 20  
62 4 9 21  
62 4 9 22  
62 4 9 23  
62 4 9 24  
62 4 9 25  
62 4 9 26  
62 4 9 27  
62 4 9 28  
62 4 9 29  
62 4 9 30  
62 4 10 1  
62 4 10 2  
62 4 10 3  
62 4 10 4  
62 4 10 5  
62 4 10 6  
62 4 10 7  
62 4 10 8  
62 4 10 9  
62 4 10 10  
62 4 10 11  
62 4 10 12  
62 4 10 13  
62 4 10 14  
62 4 10 15  
62 4 10 16  
62 4 10 17  
62 4 10 18  
62 4 10 19  
62 4 10 20  
62 4 10 21  
62 4 10 22  
62 4 10 23  
62 4 10 24  
62 4 10 25  
62 4 10 26  
62 4 10 27  
62 4 10 28  
62 4 10 29  
62 4 10 30  
63 4 1 1  
63 4 1 2  
63 4 1 3  
63 4 1 4  
63 4 1 5  
63 4 1 6  
63 4 1 7  
63 4 1 8  
63 4 1 9  
63 4 1 10  
63 4 1 11  
63 4 1 12  
63 4 1 13  
63 4 1 14  
63 4 1 15  
63 4 1 16  
63 4 1 17  
63 4 1 18  
63 4 1 19  
63 4 1 20  
63 4 1 21  
63 4 1 22  
63 4 1 23  
63 4 1 24  
63 4 1 25  
63 4 1 26  
63 4 1 27  
63 4 1 28  
63 4 1 29  
63 4 1 30  
63 4 2 1  
63 4 2 2  
63 4 2 3  
63 4 2 4  
63 4 2 5  
63 4 2 6  
63 4 2 7  
63 4 2 8  
63 4 2 9  
63 4 2 10  
63 4 2 11  
63 4 2 12  
63 4 2 13  
63 4 2 14  
63 4 2 15  
63 4 2 16  
63 4 2 17  
63 4 2 18  
63 4 2 19  
63 4 2 20  
63 4 2 21  
63 4 2 22  
63 4 2 23  
63 4 2 24  
63 4 2 25  
63 4 2 26  
63 4 2 27  
63 4 2 28  
63 4 2 29  
63 4 2 30  
63 4 3 1  
63 4 3 2  
63 4 3 3  
63 4 3 4  
63 4 3 5  
63 4 3 6  
63 4 3 7  
63 4 3 8  
63 4 3 9  
63 4 3 10  
63 4 3 11  
63 4 3 12  
63 4 3 13  
63 4 3 14  
63 4 3 15  
63 4 3 16  
63 4 3 17  
63 4 3 18  
63 4 3 19  
63 4 3 20  
63 4 3 21  
63 4 3 22  
63 4 3 23  
63 4 3 24  
63 4 3 25  
63 4 3 26  
63 4 3 27  
63 4 3 28  
63 4 3 29  
63 4 3 30  
63 4 4 1  
63 4 4 2  
63 4 4 3  
63 4 4 4  
63 4 4 5  
63 4 4 6  
63 4 4 7  
63 4 4 8  
63 4 4 9  
63 4 4 10  
63 4 4 11  
63 4 4 12  
63 4 4 13  
63 4 4 14  
63 4 4 15  
63 4 4 16  
63 4 4 17  
63 4 4 18  
63 4 4 19  
63 4 4 20  
63 4 4 21  
63 4 4 22  
63 4 4 23  
63 4 4 24  
63 4 4 25  
63 4 4 26  
63 4 4 27  
63 4 4 28  
63 4 4 29  
63 4 4 30  
63 4 5 1  
63 4 5 2  
63 4 5 3  
63 4 5 4  
63 4 5 5  
63 4 5 6  
63 4 5 7  
63 4 5 8  
63 4 5 9  
63 4 5 10  
63 4 5 11  
63 4 5 12  
63 4 5 13  
63 4 5 14  
63 4 5 15  
63 4 5 16  
63 4 5 17  
63 4 5 18  
63 4 5 19  
63 4 5 20  
63 4 5 21  
63 4 5 22  
63 4 5 23  
63 4 5 24  
63 4 5 25  
63 4 5 26  
63 4 5 27  
63 4 5 28  
63 4 5 29  
63 4 5 30  
63 4 6 1  
63 4 6 2  
63 4 6 3  
63 4 6 4  
63 4 6 5  
63 4 6 6  
63 4 6 7  
63 4 6 8  
63 4 6 9  
63 4 6 10  
63 4 6 11  
63 4 6 12  
63 4 6 13  
63 4 6 14  
63 4 6 15  
63 4 6 16  
63 4 6 17  
63 4 6 18  
63 4 6 19  
63 4 6 20  
63 4 6 21  
63 4 6 22  
63 4 6 23  
63 4 6 24  
63 4 6 25  
63 4 6 26  
63 4 6 27  
63 4 6 28  
63 4 6 29  
63 4 6 30  
63 4 7 1  
63 4 7 2  
63 4 7 3  
63 4 7 4  
63 4 7 5  
63 4 7 6  
63 4 7 7  
63 4 7 8  
63 4 7 9  
63 4 7 10  
63 4 7 11  
63 4 7 12  
63 4 7 13  
63 4 7 14  
63 4 7 15  
63 4 7 16  
63 4 7 17  
63 4 7 18  
63 4 7 19  
63 4 7 20  
63 4 7 21  
63 4 7 22  
63 4 7 23  
63 4 7 24  
63 4 7 25  
63 4 7 26  
63 4 7 27  
63 4 7 28  
63 4 7 29  
63 4 7 30  
63 4 8 1  
63 4 8 2  
63 4 8 3  
63 4 8 4  
63 4 8 5  
63 4 8 6  
63 4 8 7  
63 4 8 8  
63 4 8 9  
63 4 8 10  
63 4 8 11  
63 4 8 12  
63 4 8 13  
63 4 8 14  
63 4 8 15  
63 4 8 16  
63 4 8 17  
63 4 8 18  
63 4 8 19  
63 4 8 20  
63 4 8 21  
63 4 8 22  
63 4 8 23  
63 4 8 24  
63 4 8 25  
63 4 8 26  
63 4 8 27  
63 4 8 28  
63 4 8 29  
63 4 8 30  
63 4 9 1  
63 4 9 2  
63 4 9 3  
63 4 9 4  
63 4 9 5  
63 4 9 6  
63 4 9 7  
63 4 9 8  
63 4 9 9  
63 4 9 10  
63 4 9 11  
63 4 9 12  
63 4 9 13  
63 4 9 14  
63 4 9 15  
63 4 9 16  
63 4 9 17  
63 4 9 18  
63 4 9 19  
63 4 9 20  
63 4 9 21  
63 4 9 22  
63 4 9 23  
63 4 9 24  
63 4 9 25  
63 4 9 26  
63 4 9 27  
63 4 9 28  
63 4 9 29  
63 4 9 30  
63 4 10 1  
63 4 10 2  
63 4 10 3  
63 4 10 4  
63 4 10 5  
63 4 10 6  
63 4 10 7  
63 4 10 8  
63 4 10 9  
63 4 10 10  
63 4 10 11  
63 4 10 12  
63 4 10 13  
63 4 10 14  
63 4 10 15  
63 4 10 16  
63 4 10 17  
63 4 10 18  
63 4 10 19  
63 4 10 20  
63 4 10 21  
63 4 10 22  
63 4 10 23  
63 4 10 24  
63 4 10 25  
63 4 10 26  
63 4 10 27  
63 4 10 28  
63 4 10 29  
63 4 10 30  
64 4 1 1  
64 4 1 2  
64 4 1 3  
64 4 1 4  
64 4 1 5  
64 4 1 6  
64 4 1 7  
64 4 1 8  
64 4 1 9  
64 4 1 10  
64 4 1 11  
64 4 1 12  
64 4 1 13  
64 4 1 14  
64 4 1 15  
64 4 1 16  
64 4 1 17  
64 4 1 18  
64 4 1 19  
64 4 1 20  
64 4 1 21  
64 4 1 22  
64 4 1 23  
64 4 1 24  
64 4 1 25  
64 4 1 26  
64 4 1 27  
64 4 1 28  
64 4 1 29  
64 4 1 30  
64 4 2 1  
64 4 2 2  
64 4 2 3  
64 4 2 4  
64 4 2 5  
64 4 2 6  
64 4 2 7  
64 4 2 8  
64 4 2 9  
64 4 2 10  
64 4 2 11  
64 4 2 12  
64 4 2 13  
64 4 2 14  
64 4 2 15  
64 4 2 16  
64 4 2 17  
64 4 2 18  
64 4 2 19  
64 4 2 20  
64 4 2 21  
64 4 2 22  
64 4 2 23  
64 4 2 24  
64 4 2 25  
64 4 2 26  
64 4 2 27  
64 4 2 28  
64 4 2 29  
64 4 2 30  
64 4 3 1  
64 4 3 2  
64 4 3 3  
64 4 3 4  
64 4 3 5  
64 4 3 6  
64 4 3 7  
64 4 3 8  
64 4 3 9  
64 4 3 10  
64 4 3 11  
64 4 3 12  
64 4 3 13  
64 4 3 14  
64 4 3 15  
64 4 3 16  
64 4 3 17  
64 4 3 18  
64 4 3 19  
64 4 3 20  
64 4 3 21  
64 4 3 22  
64 4 3 23  
64 4 3 24  
64 4 3 25  
64 4 3 26  
64 4 3 27  
64 4 3 28  
64 4 3 29  
64 4 3 30  
64 4 4 1  
64 4 4 2  
64 4 4 3  
64 4 4 4  
64 4 4 5  
64 4 4 6  
64 4 4 7  
64 4 4 8  
64 4 4 9  
64 4 4 10  
64 4 4 11  
64 4 4 12  
64 4 4 13  
64 4 4 14  
64 4 4 15  
64 4 4 16  
64 4 4 17  
64 4 4 18  
64 4 4 19  
64 4 4 20  
64 4 4 21  
64 4 4 22  
64 4 4 23  
64 4 4 24  
64 4 4 25  
64 4 4 26  
64 4 4 27  
64 4 4 28  
64 4 4 29  
64 4 4 30  
64 4 5 1  
64 4 5 2  
64 4 5 3  
64 4 5 4  
64 4 5 5  
64 4 5 6  
64 4 5 7  
64 4 5 8  
64 4 5 9  
64 4 5 10  
64 4 5 11  
64 4 5 12  
64 4 5 13  
64 4 5 14  
64 4 5 15  
64 4 5 16  
64 4 5 17  
64 4 5 18  
64 4 5 19  
64 4 5 20  
64 4 5 21  
64 4 5 22  
64 4 5 23  
64 4 5 24  
64 4 5 25  
64 4 5 26  
64 4 5 27  
64 4 5 28  
64 4 5 29  
64 4 5 30  
64 4 6 1  
64 4 6 2  
64 4 6 3  
64 4 6 4  
64 4 6 5  
64 4 6 6  
64 4 6 7  
64 4 6 8  
64 4 6 9  
64 4 6 10  
64 4 6 11  
64 4 6 12  
64 4 6 13  
64 4 6 14  
64 4 6 15  
64 4 6 16  
64 4 6 17  
64 4 6 18  
64 4 6 19  
64 4 6 20  
64 4 6 21  
64 4 6 22  
64 4 6 23  
64 4 6 24  
64 4 6 25  
64 4 6 26  
64 4 6 27  
64 4 6 28  
64 4 6 29  
64 4 6 30  
64 4 7 1  
64 4 7 2  
64 4 7 3  
64 4 7 4  
64 4 7 5  
64 4 7 6  
64 4 7 7  
64 4 7 8  
64 4 7 9  
64 4 7 10  
64 4 7 11  
64 4 7 12  
64 4 7 13  
64 4 7 14  
64 4 7 15  
64 4 7 16  
64 4 7 17  
64 4 7 18  
64 4 7 19  
64 4 7 20  
64 4 7 21  
64 4 7 22  
64 4 7 23  
64 4 7 24  
64 4 7 25  
64 4 7 26  
64 4 7 27  
64 4 7 28  
64 4 7 29  
64 4 7 30  
64 4 8 1  
64 4 8 2  
64 4 8 3  
64 4 8 4  
64 4 8 5  
64 4 8 6  
64 4 8 7  
64 4 8 8  
64 4 8 9  
64 4 8 10  
64 4 8 11  
64 4 8 12  
64 4 8 13  
64 4 8 14  
64 4 8 15  
64 4 8 16  
64 4 8 17  
64 4 8 18  
64 4 8 19  
64 4 8 20  
64 4 8 21  
64 4 8 22  
64 4 8 23  
64 4 8 24  
64 4 8 25  
64 4 8 26  
64 4 8 27  
64 4 8 28  
64 4 8 29  
64 4 8 30  
64 4 9 1  
64 4 9 2  
64 4 9 3  
64 4 9 4  
64 4 9 5  
64 4 9 6  
64 4 9 7  
64 4 9 8  
64 4 9 9  
64 4 9 10  
64 4 9 11  
64 4 9 12  
64 4 9 13  
64 4 9 14  
64 4 9 15  
64 4 9 16  
64 4 9 17  
64 4 9 18  
64 4 9 19  
64 4 9 20  
64 4 9 21  
64 4 9 22  
64 4 9 23  
64 4 9 24  
64 4 9 25  
64 4 9 26  
64 4 9 27  
64 4 9 28  
64 4 9 29  
64 4 9 30  
64 4 10 1  
64 4 10 2  
64 4 10 3  
64 4 10 4  
64 4 10 5  
64 4 10 6  
64 4 10 7  
64 4 10 8  
64 4 10 9  
64 4 10 10  
64 4 10 11  
64 4 10 12  
64 4 10 13  
64 4 10 14  
64 4 10 15  
64 4 10 16  
64 4 10 17  
64 4 10 18  
64 4 10 19  
64 4 10 20  
64 4 10 21  
64 4 10 22  
64 4 10 23  
64 4 10 24  
64 4 10 25  
64 4 10 26  
64 4 10 27  
64 4 10 28  
64 4 10 29  
64 4 10 30  
65 4 1 1  
65 4 1 2  
65 4 1 3  
65 4 1 4  
65 4 1 5  
65 4 1 6  
65 4 1 7  
65 4 1 8  
65 4 1 9  
65 4 1 10  
65 4 1 11  
65 4 1 12  
65 4 1 13  
65 4 1 14  
65 4 1 15  
65 4 1 16  
65 4 1 17  
65 4 1 18  
65 4 1 19  
65 4 1 20  
65 4 1 21  
65 4 1 22  
65 4 1 23  
65 4 1 24  
65 4 1 25  
65 4 1 26  
65 4 1 27  
65 4 1 28  
65 4 1 29  
65 4 1 30  
65 4 2 1  
65 4 2 2  
65 4 2 3  
65 4 2 4  
65 4 2 5  
65 4 2 6  
65 4 2 7  
65 4 2 8  
65 4 2 9  
65 4 2 10  
65 4 2 11  
65 4 2 12  
65 4 2 13  
65 4 2 14  
65 4 2 15  
65 4 2 16  
65 4 2 17  
65 4 2 18  
65 4 2 19  
65 4 2 20  
65 4 2 21  
65 4 2 22  
65 4 2 23  
65 4 2 24  
65 4 2 25  
65 4 2 26  
65 4 2 27  
65 4 2 28  
65 4 2 29  
65 4 2 30  
65 4 3 1  
65 4 3 2  
65 4 3 3  
65 4 3 4  
65 4 3 5  
65 4 3 6  
65 4 3 7  
65 4 3 8  
65 4 3 9  
65 4 3 10  
65 4 3 11  
65 4 3 12  
65 4 3 13  
65 4 3 14  
65 4 3 15  
65 4 3 16  
65 4 3 17  
65 4 3 18  
65 4 3 19  
65 4 3 20  
65 4 3 21  
65 4 3 22  
65 4 3 23  
65 4 3 24  
65 4 3 25  
65 4 3 26  
65 4 3 27  
65 4 3 28  
65 4 3 29  
65 4 3 30  
65 4 4 1  
65 4 4 2  
65 4 4 3  
65 4 4 4  
65 4 4 5  
65 4 4 6  
65 4 4 7  
65 4 4 8  
65 4 4 9  
65 4 4 10  
65 4 4 11  
65 4 4 12  
65 4 4 13  
65 4 4 14  
65 4 4 15  
65 4 4 16  
65 4 4 17  
65 4 4 18  
65 4 4 19  
65 4 4 20  
65 4 4 21  
65 4 4 22  
65 4 4 23  
65 4 4 24  
65 4 4 25  
65 4 4 26  
65 4 4 27  
65 4 4 28  
65 4 4 29  
65 4 4 30  
65 4 5 1  
65 4 5 2  
65 4 5 3  
65 4 5 4  
65 4 5 5  
65 4 5 6  
65 4 5 7  
65 4 5 8  
65 4 5 9  
65 4 5 10  
65 4 5 11  
65 4 5 12  
65 4 5 13  
65 4 5 14  
65 4 5 15  
65 4 5 16  
65 4 5 17  
65 4 5 18  
65 4 5 19  
65 4 5 20  
65 4 5 21  
65 4 5 22  
65 4 5 23  
65 4 5 24  
65 4 5 25  
65 4 5 26  
65 4 5 27  
65 4 5 28  
65 4 5 29  
65 4 5 30  
65 4 6 1  
65 4 6 2  
65 4 6 3  
65 4 6 4  
65 4 6 5  
65 4 6 6  
65 4 6 7  
65 4 6 8  
65 4 6 9  
65 4 6 10  
65 4 6 11  
65 4 6 12  
65 4 6 13  
65 4 6 14  
65 4 6 15  
65 4 6 16  
65 4 6 17  
65 4 6 18  
65 4 6 19  
65 4 6 20  
65 4 6 21  
65 4 6 22  
65 4 6 23  
65 4 6 24  
65 4 6 25  
65 4 6 26  
65 4 6 27  
65 4 6 28  
65 4 6 29  
65 4 6 30  
65 4 7 1  
65 4 7 2  
65 4 7 3  
65 4 7 4  
65 4 7 5  
65 4 7 6  
65 4 7 7  
65 4 7 8  
65 4 7 9  
65 4 7 10  
65 4 7 11  
65 4 7 12  
65 4 7 13  
65 4 7 14  
65 4 7 15  
65 4 7 16  
65 4 7 17  
65 4 7 18  
65 4 7 19  
65 4 7 20  
65 4 7 21  
65 4 7 22  
65 4 7 23  
65 4 7 24  
65 4 7 25  
65 4 7 26  
65 4 7 27  
65 4 7 28  
65 4 7 29  
65 4 7 30  
65 4 8 1  
65 4 8 2  
65 4 8 3  
65 4 8 4  
65 4 8 5  
65 4 8 6  
65 4 8 7  
65 4 8 8  
65 4 8 9  
65 4 8 10  
65 4 8 11  
65 4 8 12  
65 4 8 13  
65 4 8 14  
65 4 8 15  
65 4 8 16  
65 4 8 17  
65 4 8 18  
65 4 8 19  
65 4 8 20  
65 4 8 21  
65 4 8 22  
65 4 8 23  
65 4 8 24  
65 4 8 25  
65 4 8 26  
65 4 8 27  
65 4 8 28  
65 4 8 29  
65 4 8 30  
65 4 9 1  
65 4 9 2  
65 4 9 3  
65 4 9 4  
65 4 9 5  
65 4 9 6  
65 4 9 7  
65 4 9 8  
65 4 9 9  
65 4 9 10  
65 4 9 11  
65 4 9 12  
65 4 9 13  
65 4 9 14  
65 4 9 15  
65 4 9 16  
65 4 9 17  
65 4 9 18  
65 4 9 19  
65 4 9 20  
65 4 9 21  
65 4 9 22  
65 4 9 23  
65 4 9 24  
65 4 9 25  
65 4 9 26  
65 4 9 27  
65 4 9 28  
65 4 9 29  
65 4 9 30  
65 4 10 1  
65 4 10 2  
65 4 10 3  
65 4 10 4  
65 4 10 5  
65 4 10 6  
65 4 10 7  
65 4 10 8  
65 4 10 9  
65 4 10 10  
65 4 10 11  
65 4 10 12  
65 4 10 13  
65 4 10 14  
65 4 10 15  
65 4 10 16  
65 4 10 17  
65 4 10 18  
65 4 10 19  
65 4 10 20  
65 4 10 21  
65 4 10 22  
65 4 10 23  
65 4 10 24  
65 4 10 25  
65 4 10 26  
65 4 10 27  
65 4 10 28  
65 4 10 29  
65 4 10 30  
